path,class,class_idx
Brandt_Cormorant/Brandt_Cormorant_0071_23007.jpg,Brandt_Cormorant,4
Brandt_Cormorant/Brandt_Cormorant_0028_22892.jpg,Brandt_Cormorant,4
Brandt_Cormorant/Brandt_Cormorant_0076_23021.jpg,Brandt_Cormorant,4
Brandt_Cormorant/Brandt_Cormorant_0080_23002.jpg,Brandt_Cormorant,4
Brandt_Cormorant/Brandt_Cormorant_0045_22916.jpg,Brandt_Cormorant,4
Brandt_Cormorant/Brandt_Cormorant_0018_23090.jpg,Brandt_Cormorant,4
Brandt_Cormorant/Brandt_Cormorant_0035_23000.jpg,Brandt_Cormorant,4
Brandt_Cormorant/Brandt_Cormorant_0044_22884.jpg,Brandt_Cormorant,4
Brandt_Cormorant/Brandt_Cormorant_0072_23069.jpg,Brandt_Cormorant,4
Brandt_Cormorant/Brandt_Cormorant_0064_22849.jpg,Brandt_Cormorant,4
Brandt_Cormorant/Brandt_Cormorant_0074_22881.jpg,Brandt_Cormorant,4
Brandt_Cormorant/Brandt_Cormorant_0052_23356.jpg,Brandt_Cormorant,4
Brandt_Cormorant/Brandt_Cormorant_0063_22865.jpg,Brandt_Cormorant,4
Brandt_Cormorant/Brandt_Cormorant_0087_23126.jpg,Brandt_Cormorant,4
Brandt_Cormorant/Brandt_Cormorant_0040_23144.jpg,Brandt_Cormorant,4
Brandt_Cormorant/Brandt_Cormorant_0079_22874.jpg,Brandt_Cormorant,4
Brandt_Cormorant/Brandt_Cormorant_0015_23198.jpg,Brandt_Cormorant,4
Brandt_Cormorant/Brandt_Cormorant_0062_23038.jpg,Brandt_Cormorant,4
Brandt_Cormorant/Brandt_Cormorant_0049_22924.jpg,Brandt_Cormorant,4
Brandt_Cormorant/Brandt_Cormorant_0013_23391.jpg,Brandt_Cormorant,4
Brandt_Cormorant/Brandt_Cormorant_0068_23019.jpg,Brandt_Cormorant,4
Brandt_Cormorant/Brandt_Cormorant_0061_22902.jpg,Brandt_Cormorant,4
Brandt_Cormorant/Brandt_Cormorant_0003_22922.jpg,Brandt_Cormorant,4
Brandt_Cormorant/Brandt_Cormorant_0078_23203.jpg,Brandt_Cormorant,4
Brandt_Cormorant/Brandt_Cormorant_0084_23265.jpg,Brandt_Cormorant,4
Brandt_Cormorant/Brandt_Cormorant_0001_23398.jpg,Brandt_Cormorant,4
Brandt_Cormorant/Brandt_Cormorant_0025_22820.jpg,Brandt_Cormorant,4
Brandt_Cormorant/Brandt_Cormorant_0073_23259.jpg,Brandt_Cormorant,4
Brandt_Cormorant/Brandt_Cormorant_0006_22925.jpg,Brandt_Cormorant,4
Brandt_Cormorant/Brandt_Cormorant_0067_23352.jpg,Brandt_Cormorant,4
Brandt_Cormorant/Brandt_Cormorant_0032_22886.jpg,Brandt_Cormorant,4
Brandt_Cormorant/Brandt_Cormorant_0019_23058.jpg,Brandt_Cormorant,4
Brandt_Cormorant/Brandt_Cormorant_0022_23157.jpg,Brandt_Cormorant,4
Brandt_Cormorant/Brandt_Cormorant_0065_23118.jpg,Brandt_Cormorant,4
Brandt_Cormorant/Brandt_Cormorant_0026_22913.jpg,Brandt_Cormorant,4
Brandt_Cormorant/Brandt_Cormorant_0082_22978.jpg,Brandt_Cormorant,4
Brandt_Cormorant/Brandt_Cormorant_0075_22970.jpg,Brandt_Cormorant,4
Brandt_Cormorant/Brandt_Cormorant_0042_23151.jpg,Brandt_Cormorant,4
Brandt_Cormorant/Brandt_Cormorant_0017_23141.jpg,Brandt_Cormorant,4
Brandt_Cormorant/Brandt_Cormorant_0023_23254.jpg,Brandt_Cormorant,4
Brandt_Cormorant/Brandt_Cormorant_0007_22934.jpg,Brandt_Cormorant,4
Brandt_Cormorant/Brandt_Cormorant_0002_23072.jpg,Brandt_Cormorant,4
Brandt_Cormorant/Brandt_Cormorant_0036_22937.jpg,Brandt_Cormorant,4
Brandt_Cormorant/Brandt_Cormorant_0033_22975.jpg,Brandt_Cormorant,4
Brandt_Cormorant/Brandt_Cormorant_0021_23097.jpg,Brandt_Cormorant,4
Brandt_Cormorant/Brandt_Cormorant_0088_22948.jpg,Brandt_Cormorant,4
Brandt_Cormorant/Brandt_Cormorant_0030_22926.jpg,Brandt_Cormorant,4
Brandt_Cormorant/Brandt_Cormorant_0053_22957.jpg,Brandt_Cormorant,4
Brandt_Cormorant/Brandt_Cormorant_0038_23110.jpg,Brandt_Cormorant,4
Brandt_Cormorant/Brandt_Cormorant_0014_23050.jpg,Brandt_Cormorant,4
Brandt_Cormorant/Brandt_Cormorant_0029_23043.jpg,Brandt_Cormorant,4
Brandt_Cormorant/Brandt_Cormorant_0091_22825.jpg,Brandt_Cormorant,4
Brandt_Cormorant/Brandt_Cormorant_0016_23077.jpg,Brandt_Cormorant,4
Brown_Creeper/Brown_Creeper_0102_25000.jpg,Brown_Creeper,14
Brown_Creeper/Brown_Creeper_0101_24987.jpg,Brown_Creeper,14
Brown_Creeper/Brown_Creeper_0125_24995.jpg,Brown_Creeper,14
Brown_Creeper/Brown_Creeper_0027_24729.jpg,Brown_Creeper,14
Brown_Creeper/Brown_Creeper_0031_24999.jpg,Brown_Creeper,14
Brown_Creeper/Brown_Creeper_0032_24800.jpg,Brown_Creeper,14
Brown_Creeper/Brown_Creeper_0053_24451.jpg,Brown_Creeper,14
Brown_Creeper/Brown_Creeper_0106_24617.jpg,Brown_Creeper,14
Brown_Creeper/Brown_Creeper_0111_24590.jpg,Brown_Creeper,14
Brown_Creeper/Brown_Creeper_0075_24947.jpg,Brown_Creeper,14
Brown_Creeper/Brown_Creeper_0121_24574.jpg,Brown_Creeper,14
Brown_Creeper/Brown_Creeper_0042_24578.jpg,Brown_Creeper,14
Brown_Creeper/Brown_Creeper_0065_24464.jpg,Brown_Creeper,14
Brown_Creeper/Brown_Creeper_0118_24500.jpg,Brown_Creeper,14
Brown_Creeper/Brown_Creeper_0012_24956.jpg,Brown_Creeper,14
Brown_Creeper/Brown_Creeper_0005_24659.jpg,Brown_Creeper,14
Brown_Creeper/Brown_Creeper_0006_25034.jpg,Brown_Creeper,14
Brown_Creeper/Brown_Creeper_0103_24632.jpg,Brown_Creeper,14
Brown_Creeper/Brown_Creeper_0100_24502.jpg,Brown_Creeper,14
Brown_Creeper/Brown_Creeper_0069_24618.jpg,Brown_Creeper,14
Brown_Creeper/Brown_Creeper_0049_24911.jpg,Brown_Creeper,14
Brown_Creeper/Brown_Creeper_0110_24866.jpg,Brown_Creeper,14
Brown_Creeper/Brown_Creeper_0073_24546.jpg,Brown_Creeper,14
Brown_Creeper/Brown_Creeper_0072_24977.jpg,Brown_Creeper,14
Brown_Creeper/Brown_Creeper_0047_24984.jpg,Brown_Creeper,14
Brown_Creeper/Brown_Creeper_0074_24789.jpg,Brown_Creeper,14
Brown_Creeper/Brown_Creeper_0085_24938.jpg,Brown_Creeper,14
Brown_Creeper/Brown_Creeper_0046_24463.jpg,Brown_Creeper,14
Brown_Creeper/Brown_Creeper_0123_24589.jpg,Brown_Creeper,14
Brown_Creeper/Brown_Creeper_0058_24933.jpg,Brown_Creeper,14
Brown_Creeper/Brown_Creeper_0114_24649.jpg,Brown_Creeper,14
Brown_Creeper/Brown_Creeper_0127_24656.jpg,Brown_Creeper,14
Brown_Creeper/Brown_Creeper_0107_24827.jpg,Brown_Creeper,14
Brown_Creeper/Brown_Creeper_0056_24452.jpg,Brown_Creeper,14
Brown_Creeper/Brown_Creeper_0002_24838.jpg,Brown_Creeper,14
Brown_Creeper/Brown_Creeper_0115_24488.jpg,Brown_Creeper,14
Brown_Creeper/Brown_Creeper_0048_24976.jpg,Brown_Creeper,14
Brown_Creeper/Brown_Creeper_0004_24851.jpg,Brown_Creeper,14
Brown_Creeper/Brown_Creeper_0051_24468.jpg,Brown_Creeper,14
Brown_Creeper/Brown_Creeper_0120_24955.jpg,Brown_Creeper,14
Brown_Creeper/Brown_Creeper_0064_24840.jpg,Brown_Creeper,14
Brown_Creeper/Brown_Creeper_0093_24581.jpg,Brown_Creeper,14
Brown_Creeper/Brown_Creeper_0063_24724.jpg,Brown_Creeper,14
Brown_Creeper/Brown_Creeper_0023_24940.jpg,Brown_Creeper,14
Brown_Creeper/Brown_Creeper_0057_24529.jpg,Brown_Creeper,14
Brown_Creeper/Brown_Creeper_0001_24449.jpg,Brown_Creeper,14
Brown_Creeper/Brown_Creeper_0124_24963.jpg,Brown_Creeper,14
Brown_Creeper/Brown_Creeper_0104_24698.jpg,Brown_Creeper,14
Brown_Creeper/Brown_Creeper_0061_24601.jpg,Brown_Creeper,14
Brown_Creeper/Brown_Creeper_0088_24731.jpg,Brown_Creeper,14
Brown_Creeper/Brown_Creeper_0079_24647.jpg,Brown_Creeper,14
Brown_Creeper/Brown_Creeper_0007_24902.jpg,Brown_Creeper,14
Bronzed_Cowbird/Bronzed_Cowbird_0064_24199.jpg,Bronzed_Cowbird,19
Bronzed_Cowbird/Bronzed_Cowbird_0049_24147.jpg,Bronzed_Cowbird,19
Bronzed_Cowbird/Bronzed_Cowbird_0054_24159.jpg,Bronzed_Cowbird,19
Bronzed_Cowbird/Bronzed_Cowbird_0023_24058.jpg,Bronzed_Cowbird,19
Bronzed_Cowbird/Bronzed_Cowbird_0005_24173.jpg,Bronzed_Cowbird,19
Bronzed_Cowbird/Bronzed_Cowbird_0087_796223.jpg,Bronzed_Cowbird,19
Bronzed_Cowbird/Bronzed_Cowbird_0061_796232.jpg,Bronzed_Cowbird,19
Bronzed_Cowbird/Bronzed_Cowbird_0044_24145.jpg,Bronzed_Cowbird,19
Bronzed_Cowbird/Bronzed_Cowbird_0091_796212.jpg,Bronzed_Cowbird,19
Bronzed_Cowbird/Bronzed_Cowbird_0031_24139.jpg,Bronzed_Cowbird,19
Bronzed_Cowbird/Bronzed_Cowbird_0055_24076.jpg,Bronzed_Cowbird,19
Bronzed_Cowbird/Bronzed_Cowbird_0043_796224.jpg,Bronzed_Cowbird,19
Bronzed_Cowbird/Bronzed_Cowbird_0073_796226.jpg,Bronzed_Cowbird,19
Bronzed_Cowbird/Bronzed_Cowbird_0060_24082.jpg,Bronzed_Cowbird,19
Bronzed_Cowbird/Bronzed_Cowbird_0026_796229.jpg,Bronzed_Cowbird,19
Bronzed_Cowbird/Bronzed_Cowbird_0019_796242.jpg,Bronzed_Cowbird,19
Bronzed_Cowbird/Bronzed_Cowbird_0074_24045.jpg,Bronzed_Cowbird,19
Bronzed_Cowbird/Bronzed_Cowbird_0040_24134.jpg,Bronzed_Cowbird,19
Bronzed_Cowbird/Bronzed_Cowbird_0053_24170.jpg,Bronzed_Cowbird,19
Bronzed_Cowbird/Bronzed_Cowbird_0034_796209.jpg,Bronzed_Cowbird,19
Bronzed_Cowbird/Bronzed_Cowbird_0013_24131.jpg,Bronzed_Cowbird,19
Bronzed_Cowbird/Bronzed_Cowbird_0018_24140.jpg,Bronzed_Cowbird,19
Bronzed_Cowbird/Bronzed_Cowbird_0086_796259.jpg,Bronzed_Cowbird,19
Bronzed_Cowbird/Bronzed_Cowbird_0009_24033.jpg,Bronzed_Cowbird,19
Bronzed_Cowbird/Bronzed_Cowbird_0029_796256.jpg,Bronzed_Cowbird,19
Bronzed_Cowbird/Bronzed_Cowbird_0082_24175.jpg,Bronzed_Cowbird,19
Bronzed_Cowbird/Bronzed_Cowbird_0032_796233.jpg,Bronzed_Cowbird,19
Bronzed_Cowbird/Bronzed_Cowbird_0017_24019.jpg,Bronzed_Cowbird,19
Bronzed_Cowbird/Bronzed_Cowbird_0016_796245.jpg,Bronzed_Cowbird,19
Bronzed_Cowbird/Bronzed_Cowbird_0089_796220.jpg,Bronzed_Cowbird,19
Bronzed_Cowbird/Bronzed_Cowbird_0039_24026.jpg,Bronzed_Cowbird,19
Bronzed_Cowbird/Bronzed_Cowbird_0057_24074.jpg,Bronzed_Cowbird,19
Bronzed_Cowbird/Bronzed_Cowbird_0025_796213.jpg,Bronzed_Cowbird,19
Bronzed_Cowbird/Bronzed_Cowbird_0021_24189.jpg,Bronzed_Cowbird,19
Bronzed_Cowbird/Bronzed_Cowbird_0092_796215.jpg,Bronzed_Cowbird,19
Bronzed_Cowbird/Bronzed_Cowbird_0012_796247.jpg,Bronzed_Cowbird,19
Bronzed_Cowbird/Bronzed_Cowbird_0051_24083.jpg,Bronzed_Cowbird,19
Bronzed_Cowbird/Bronzed_Cowbird_0011_24138.jpg,Bronzed_Cowbird,19
Bronzed_Cowbird/Bronzed_Cowbird_0003_796246.jpg,Bronzed_Cowbird,19
Bronzed_Cowbird/Bronzed_Cowbird_0008_796250.jpg,Bronzed_Cowbird,19
Bronzed_Cowbird/Bronzed_Cowbird_0076_796235.jpg,Bronzed_Cowbird,19
Bronzed_Cowbird/Bronzed_Cowbird_0037_24032.jpg,Bronzed_Cowbird,19
Bronzed_Cowbird/Bronzed_Cowbird_0030_24103.jpg,Bronzed_Cowbird,19
Bronzed_Cowbird/Bronzed_Cowbird_0022_796221.jpg,Bronzed_Cowbird,19
Bronzed_Cowbird/Bronzed_Cowbird_0027_24022.jpg,Bronzed_Cowbird,19
Bronzed_Cowbird/Bronzed_Cowbird_0014_24030.jpg,Bronzed_Cowbird,19
Bronzed_Cowbird/Bronzed_Cowbird_0024_24167.jpg,Bronzed_Cowbird,19
Bronzed_Cowbird/Bronzed_Cowbird_0046_796218.jpg,Bronzed_Cowbird,19
Bronzed_Cowbird/Bronzed_Cowbird_0090_24179.jpg,Bronzed_Cowbird,19
Bronzed_Cowbird/Bronzed_Cowbird_0085_24152.jpg,Bronzed_Cowbird,19
Bronzed_Cowbird/Bronzed_Cowbird_0020_796237.jpg,Bronzed_Cowbird,19
Bronzed_Cowbird/Bronzed_Cowbird_0001_796219.jpg,Bronzed_Cowbird,19
Black_billed_Cuckoo/Black_Billed_Cuckoo_0045_26194.jpg,Black_billed_Cuckoo,17
Black_billed_Cuckoo/Black_Billed_Cuckoo_0095_795307.jpg,Black_billed_Cuckoo,17
Black_billed_Cuckoo/Black_Billed_Cuckoo_0027_26319.jpg,Black_billed_Cuckoo,17
Black_billed_Cuckoo/Black_Billed_Cuckoo_0023_26258.jpg,Black_billed_Cuckoo,17
Black_billed_Cuckoo/Black_Billed_Cuckoo_0092_795313.jpg,Black_billed_Cuckoo,17
Black_billed_Cuckoo/Black_Billed_Cuckoo_0006_26233.jpg,Black_billed_Cuckoo,17
Black_billed_Cuckoo/Black_Billed_Cuckoo_0046_795328.jpg,Black_billed_Cuckoo,17
Black_billed_Cuckoo/Black_Billed_Cuckoo_0017_26221.jpg,Black_billed_Cuckoo,17
Black_billed_Cuckoo/Black_Billed_Cuckoo_0034_795320.jpg,Black_billed_Cuckoo,17
Black_billed_Cuckoo/Black_Billed_Cuckoo_0055_26223.jpg,Black_billed_Cuckoo,17
Black_billed_Cuckoo/Black_Billed_Cuckoo_0042_795308.jpg,Black_billed_Cuckoo,17
Black_billed_Cuckoo/Black_Billed_Cuckoo_0062_795309.jpg,Black_billed_Cuckoo,17
Black_billed_Cuckoo/Black_Billed_Cuckoo_0024_795331.jpg,Black_billed_Cuckoo,17
Black_billed_Cuckoo/Black_Billed_Cuckoo_0044_26243.jpg,Black_billed_Cuckoo,17
Black_billed_Cuckoo/Black_Billed_Cuckoo_0054_26313.jpg,Black_billed_Cuckoo,17
Black_billed_Cuckoo/Black_Billed_Cuckoo_0018_26218.jpg,Black_billed_Cuckoo,17
Black_billed_Cuckoo/Black_Billed_Cuckoo_0091_26246.jpg,Black_billed_Cuckoo,17
Black_billed_Cuckoo/Black_Billed_Cuckoo_0085_795294.jpg,Black_billed_Cuckoo,17
Black_billed_Cuckoo/Black_Billed_Cuckoo_0015_26208.jpg,Black_billed_Cuckoo,17
Black_billed_Cuckoo/Black_Billed_Cuckoo_0051_795318.jpg,Black_billed_Cuckoo,17
Black_billed_Cuckoo/Black_Billed_Cuckoo_0032_26292.jpg,Black_billed_Cuckoo,17
Black_billed_Cuckoo/Black_Billed_Cuckoo_0061_795327.jpg,Black_billed_Cuckoo,17
Black_billed_Cuckoo/Black_Billed_Cuckoo_0096_26204.jpg,Black_billed_Cuckoo,17
Black_billed_Cuckoo/Black_Billed_Cuckoo_0070_795310.jpg,Black_billed_Cuckoo,17
Black_billed_Cuckoo/Black_Billed_Cuckoo_0022_795319.jpg,Black_billed_Cuckoo,17
Black_billed_Cuckoo/Black_Billed_Cuckoo_0075_795298.jpg,Black_billed_Cuckoo,17
Black_billed_Cuckoo/Black_Billed_Cuckoo_0053_795321.jpg,Black_billed_Cuckoo,17
Black_billed_Cuckoo/Black_Billed_Cuckoo_0052_26232.jpg,Black_billed_Cuckoo,17
Black_billed_Cuckoo/Black_Billed_Cuckoo_0089_795322.jpg,Black_billed_Cuckoo,17
Black_billed_Cuckoo/Black_Billed_Cuckoo_0030_26240.jpg,Black_billed_Cuckoo,17
Black_billed_Cuckoo/Black_Billed_Cuckoo_0074_795286.jpg,Black_billed_Cuckoo,17
Black_billed_Cuckoo/Black_Billed_Cuckoo_0008_795305.jpg,Black_billed_Cuckoo,17
Black_billed_Cuckoo/Black_Billed_Cuckoo_0093_795316.jpg,Black_billed_Cuckoo,17
Black_billed_Cuckoo/Black_Billed_Cuckoo_0057_795323.jpg,Black_billed_Cuckoo,17
Black_billed_Cuckoo/Black_Billed_Cuckoo_0084_26175.jpg,Black_billed_Cuckoo,17
Black_billed_Cuckoo/Black_Billed_Cuckoo_0058_795292.jpg,Black_billed_Cuckoo,17
Black_billed_Cuckoo/Black_Billed_Cuckoo_0031_26318.jpg,Black_billed_Cuckoo,17
Black_billed_Cuckoo/Black_Billed_Cuckoo_0007_26320.jpg,Black_billed_Cuckoo,17
Black_billed_Cuckoo/Black_Billed_Cuckoo_0071_26288.jpg,Black_billed_Cuckoo,17
Black_billed_Cuckoo/Black_Billed_Cuckoo_0088_26217.jpg,Black_billed_Cuckoo,17
Black_billed_Cuckoo/Black_Billed_Cuckoo_0082_26241.jpg,Black_billed_Cuckoo,17
Black_billed_Cuckoo/Black_Billed_Cuckoo_0065_26203.jpg,Black_billed_Cuckoo,17
Black_billed_Cuckoo/Black_Billed_Cuckoo_0047_26176.jpg,Black_billed_Cuckoo,17
Black_billed_Cuckoo/Black_Billed_Cuckoo_0086_26188.jpg,Black_billed_Cuckoo,17
Black_billed_Cuckoo/Black_Billed_Cuckoo_0090_26311.jpg,Black_billed_Cuckoo,17
Black_billed_Cuckoo/Black_Billed_Cuckoo_0043_795324.jpg,Black_billed_Cuckoo,17
Black_billed_Cuckoo/Black_Billed_Cuckoo_0083_795315.jpg,Black_billed_Cuckoo,17
Black_billed_Cuckoo/Black_Billed_Cuckoo_0087_795300.jpg,Black_billed_Cuckoo,17
Black_billed_Cuckoo/Black_Billed_Cuckoo_0001_26242.jpg,Black_billed_Cuckoo,17
Black_billed_Cuckoo/Black_Billed_Cuckoo_0079_26180.jpg,Black_billed_Cuckoo,17
Black_billed_Cuckoo/Black_Billed_Cuckoo_0081_26209.jpg,Black_billed_Cuckoo,17
Black_billed_Cuckoo/Black_Billed_Cuckoo_0005_26161.jpg,Black_billed_Cuckoo,17
Black_billed_Cuckoo/Black_Billed_Cuckoo_0066_26303.jpg,Black_billed_Cuckoo,17
Black_billed_Cuckoo/Black_Billed_Cuckoo_0077_26222.jpg,Black_billed_Cuckoo,17
Black_billed_Cuckoo/Black_Billed_Cuckoo_0073_795304.jpg,Black_billed_Cuckoo,17
Eastern_Towhee/Eastern_Towhee_0082_22330.jpg,Eastern_Towhee,5
Eastern_Towhee/Eastern_Towhee_0068_22194.jpg,Eastern_Towhee,5
Eastern_Towhee/Eastern_Towhee_0098_22676.jpg,Eastern_Towhee,5
Eastern_Towhee/Eastern_Towhee_0091_22629.jpg,Eastern_Towhee,5
Eastern_Towhee/Eastern_Towhee_0110_22549.jpg,Eastern_Towhee,5
Eastern_Towhee/Eastern_Towhee_0002_22318.jpg,Eastern_Towhee,5
Eastern_Towhee/Eastern_Towhee_0126_22639.jpg,Eastern_Towhee,5
Eastern_Towhee/Eastern_Towhee_0052_22558.jpg,Eastern_Towhee,5
Eastern_Towhee/Eastern_Towhee_0124_22585.jpg,Eastern_Towhee,5
Eastern_Towhee/Eastern_Towhee_0097_22580.jpg,Eastern_Towhee,5
Eastern_Towhee/Eastern_Towhee_0007_22172.jpg,Eastern_Towhee,5
Eastern_Towhee/Eastern_Towhee_0115_22304.jpg,Eastern_Towhee,5
Eastern_Towhee/Eastern_Towhee_0064_22649.jpg,Eastern_Towhee,5
Eastern_Towhee/Eastern_Towhee_0073_22247.jpg,Eastern_Towhee,5
Eastern_Towhee/Eastern_Towhee_0067_22142.jpg,Eastern_Towhee,5
Eastern_Towhee/Eastern_Towhee_0093_22621.jpg,Eastern_Towhee,5
Eastern_Towhee/Eastern_Towhee_0120_22189.jpg,Eastern_Towhee,5
Eastern_Towhee/Eastern_Towhee_0018_22546.jpg,Eastern_Towhee,5
Eastern_Towhee/Eastern_Towhee_0001_22314.jpg,Eastern_Towhee,5
Eastern_Towhee/Eastern_Towhee_0014_22367.jpg,Eastern_Towhee,5
Eastern_Towhee/Eastern_Towhee_0038_22399.jpg,Eastern_Towhee,5
Eastern_Towhee/Eastern_Towhee_0053_22623.jpg,Eastern_Towhee,5
Eastern_Towhee/Eastern_Towhee_0075_22588.jpg,Eastern_Towhee,5
Eastern_Towhee/Eastern_Towhee_0074_22620.jpg,Eastern_Towhee,5
Eastern_Towhee/Eastern_Towhee_0117_22741.jpg,Eastern_Towhee,5
Eastern_Towhee/Eastern_Towhee_0048_22557.jpg,Eastern_Towhee,5
Eastern_Towhee/Eastern_Towhee_0040_22341.jpg,Eastern_Towhee,5
Eastern_Towhee/Eastern_Towhee_0121_22319.jpg,Eastern_Towhee,5
Eastern_Towhee/Eastern_Towhee_0129_22358.jpg,Eastern_Towhee,5
Eastern_Towhee/Eastern_Towhee_0079_22690.jpg,Eastern_Towhee,5
Eastern_Towhee/Eastern_Towhee_0013_22336.jpg,Eastern_Towhee,5
Eastern_Towhee/Eastern_Towhee_0027_22372.jpg,Eastern_Towhee,5
Eastern_Towhee/Eastern_Towhee_0086_22611.jpg,Eastern_Towhee,5
Eastern_Towhee/Eastern_Towhee_0049_22357.jpg,Eastern_Towhee,5
Eastern_Towhee/Eastern_Towhee_0085_22674.jpg,Eastern_Towhee,5
Eastern_Towhee/Eastern_Towhee_0020_22141.jpg,Eastern_Towhee,5
Eastern_Towhee/Eastern_Towhee_0062_22418.jpg,Eastern_Towhee,5
Eastern_Towhee/Eastern_Towhee_0101_22559.jpg,Eastern_Towhee,5
Eastern_Towhee/Eastern_Towhee_0031_22233.jpg,Eastern_Towhee,5
Eastern_Towhee/Eastern_Towhee_0042_22155.jpg,Eastern_Towhee,5
Eastern_Towhee/Eastern_Towhee_0054_22147.jpg,Eastern_Towhee,5
Eastern_Towhee/Eastern_Towhee_0105_22675.jpg,Eastern_Towhee,5
Eastern_Towhee/Eastern_Towhee_0111_22168.jpg,Eastern_Towhee,5
Eastern_Towhee/Eastern_Towhee_0099_22566.jpg,Eastern_Towhee,5
Eastern_Towhee/Eastern_Towhee_0035_22223.jpg,Eastern_Towhee,5
Eastern_Towhee/Eastern_Towhee_0125_22220.jpg,Eastern_Towhee,5
Eastern_Towhee/Eastern_Towhee_0024_22382.jpg,Eastern_Towhee,5
Eastern_Towhee/Eastern_Towhee_0022_22279.jpg,Eastern_Towhee,5
Eastern_Towhee/Eastern_Towhee_0015_22275.jpg,Eastern_Towhee,5
Eastern_Towhee/Eastern_Towhee_0080_22303.jpg,Eastern_Towhee,5
Eastern_Towhee/Eastern_Towhee_0134_22624.jpg,Eastern_Towhee,5
Eastern_Towhee/Eastern_Towhee_0017_22138.jpg,Eastern_Towhee,5
Eastern_Towhee/Eastern_Towhee_0095_22594.jpg,Eastern_Towhee,5
Eastern_Towhee/Eastern_Towhee_0030_22693.jpg,Eastern_Towhee,5
Groove_billed_Ani/Groove_Billed_Ani_0072_1696.jpg,Groove_billed_Ani,0
Groove_billed_Ani/Groove_Billed_Ani_0015_1653.jpg,Groove_billed_Ani,0
Groove_billed_Ani/Groove_Billed_Ani_0046_1663.jpg,Groove_billed_Ani,0
Groove_billed_Ani/Groove_Billed_Ani_0107_1590.jpg,Groove_billed_Ani,0
Groove_billed_Ani/Groove_Billed_Ani_0019_1585.jpg,Groove_billed_Ani,0
Groove_billed_Ani/Groove_Billed_Ani_0082_1697.jpg,Groove_billed_Ani,0
Groove_billed_Ani/Groove_Billed_Ani_0087_1765.jpg,Groove_billed_Ani,0
Groove_billed_Ani/Groove_Billed_Ani_0065_1502.jpg,Groove_billed_Ani,0
Groove_billed_Ani/Groove_Billed_Ani_0027_1754.jpg,Groove_billed_Ani,0
Groove_billed_Ani/Groove_Billed_Ani_0080_1549.jpg,Groove_billed_Ani,0
Groove_billed_Ani/Groove_Billed_Ani_0047_1706.jpg,Groove_billed_Ani,0
Groove_billed_Ani/Groove_Billed_Ani_0109_1592.jpg,Groove_billed_Ani,0
Groove_billed_Ani/Groove_Billed_Ani_0029_1620.jpg,Groove_billed_Ani,0
Groove_billed_Ani/Groove_Billed_Ani_0036_1604.jpg,Groove_billed_Ani,0
Groove_billed_Ani/Groove_Billed_Ani_0031_1588.jpg,Groove_billed_Ani,0
Groove_billed_Ani/Groove_Billed_Ani_0051_1650.jpg,Groove_billed_Ani,0
Groove_billed_Ani/Groove_Billed_Ani_0035_1591.jpg,Groove_billed_Ani,0
Groove_billed_Ani/Groove_Billed_Ani_0055_1501.jpg,Groove_billed_Ani,0
Groove_billed_Ani/Groove_Billed_Ani_0009_1522.jpg,Groove_billed_Ani,0
Groove_billed_Ani/Groove_Billed_Ani_0059_1480.jpg,Groove_billed_Ani,0
Groove_billed_Ani/Groove_Billed_Ani_0007_1615.jpg,Groove_billed_Ani,0
Groove_billed_Ani/Groove_Billed_Ani_0091_1728.jpg,Groove_billed_Ani,0
Groove_billed_Ani/Groove_Billed_Ani_0014_1755.jpg,Groove_billed_Ani,0
Groove_billed_Ani/Groove_Billed_Ani_0090_1567.jpg,Groove_billed_Ani,0
Groove_billed_Ani/Groove_Billed_Ani_0060_1505.jpg,Groove_billed_Ani,0
Groove_billed_Ani/Groove_Billed_Ani_0071_1559.jpg,Groove_billed_Ani,0
Groove_billed_Ani/Groove_Billed_Ani_0010_1704.jpg,Groove_billed_Ani,0
Groove_billed_Ani/Groove_Billed_Ani_0023_1485.jpg,Groove_billed_Ani,0
Groove_billed_Ani/Groove_Billed_Ani_0032_1776.jpg,Groove_billed_Ani,0
Groove_billed_Ani/Groove_Billed_Ani_0075_1617.jpg,Groove_billed_Ani,0
Groove_billed_Ani/Groove_Billed_Ani_0100_1646.jpg,Groove_billed_Ani,0
Groove_billed_Ani/Groove_Billed_Ani_0002_1670.jpg,Groove_billed_Ani,0
Groove_billed_Ani/Groove_Billed_Ani_0077_1724.jpg,Groove_billed_Ani,0
Groove_billed_Ani/Groove_Billed_Ani_0037_1560.jpg,Groove_billed_Ani,0
Groove_billed_Ani/Groove_Billed_Ani_0005_1750.jpg,Groove_billed_Ani,0
Groove_billed_Ani/Groove_Billed_Ani_0061_1510.jpg,Groove_billed_Ani,0
Groove_billed_Ani/Groove_Billed_Ani_0006_1763.jpg,Groove_billed_Ani,0
Groove_billed_Ani/Groove_Billed_Ani_0018_1613.jpg,Groove_billed_Ani,0
Groove_billed_Ani/Groove_Billed_Ani_0101_1700.jpg,Groove_billed_Ani,0
Groove_billed_Ani/Groove_Billed_Ani_0017_1561.jpg,Groove_billed_Ani,0
Groove_billed_Ani/Groove_Billed_Ani_0062_1767.jpg,Groove_billed_Ani,0
Groove_billed_Ani/Groove_Billed_Ani_0092_1516.jpg,Groove_billed_Ani,0
Groove_billed_Ani/Groove_Billed_Ani_0044_1731.jpg,Groove_billed_Ani,0
Groove_billed_Ani/Groove_Billed_Ani_0004_1528.jpg,Groove_billed_Ani,0
Groove_billed_Ani/Groove_Billed_Ani_0094_1540.jpg,Groove_billed_Ani,0
Groove_billed_Ani/Groove_Billed_Ani_0056_1493.jpg,Groove_billed_Ani,0
Groove_billed_Ani/Groove_Billed_Ani_0088_1678.jpg,Groove_billed_Ani,0
Groove_billed_Ani/Groove_Billed_Ani_0053_1672.jpg,Groove_billed_Ani,0
Groove_billed_Ani/Groove_Billed_Ani_0076_1661.jpg,Groove_billed_Ani,0
Groove_billed_Ani/Groove_Billed_Ani_0074_1730.jpg,Groove_billed_Ani,0
Groove_billed_Ani/Groove_Billed_Ani_0040_1715.jpg,Groove_billed_Ani,0
Groove_billed_Ani/Groove_Billed_Ani_0069_1546.jpg,Groove_billed_Ani,0
Groove_billed_Ani/Groove_Billed_Ani_0068_1538.jpg,Groove_billed_Ani,0
Groove_billed_Ani/Groove_Billed_Ani_0058_1751.jpg,Groove_billed_Ani,0
Groove_billed_Ani/Groove_Billed_Ani_0078_1780.jpg,Groove_billed_Ani,0
Groove_billed_Ani/Groove_Billed_Ani_0012_1784.jpg,Groove_billed_Ani,0
Groove_billed_Ani/Groove_Billed_Ani_0108_1639.jpg,Groove_billed_Ani,0
Groove_billed_Ani/Groove_Billed_Ani_0033_1494.jpg,Groove_billed_Ani,0
Yellow_headed_Blackbird/Yellow_Headed_Blackbird_0059_8079.jpg,Yellow_headed_Blackbird,11
Yellow_headed_Blackbird/Yellow_Headed_Blackbird_0079_8535.jpg,Yellow_headed_Blackbird,11
Yellow_headed_Blackbird/Yellow_Headed_Blackbird_0042_8574.jpg,Yellow_headed_Blackbird,11
Yellow_headed_Blackbird/Yellow_Headed_Blackbird_0085_8363.jpg,Yellow_headed_Blackbird,11
Yellow_headed_Blackbird/Yellow_Headed_Blackbird_0080_8601.jpg,Yellow_headed_Blackbird,11
Yellow_headed_Blackbird/Yellow_Headed_Blackbird_0073_8442.jpg,Yellow_headed_Blackbird,11
Yellow_headed_Blackbird/Yellow_Headed_Blackbird_0009_8248.jpg,Yellow_headed_Blackbird,11
Yellow_headed_Blackbird/Yellow_Headed_Blackbird_0047_7929.jpg,Yellow_headed_Blackbird,11
Yellow_headed_Blackbird/Yellow_Headed_Blackbird_0012_8443.jpg,Yellow_headed_Blackbird,11
Yellow_headed_Blackbird/Yellow_Headed_Blackbird_0017_8511.jpg,Yellow_headed_Blackbird,11
Yellow_headed_Blackbird/Yellow_Headed_Blackbird_0055_8357.jpg,Yellow_headed_Blackbird,11
Yellow_headed_Blackbird/Yellow_Headed_Blackbird_0062_8310.jpg,Yellow_headed_Blackbird,11
Yellow_headed_Blackbird/Yellow_Headed_Blackbird_0026_8545.jpg,Yellow_headed_Blackbird,11
Yellow_headed_Blackbird/Yellow_Headed_Blackbird_0083_8300.jpg,Yellow_headed_Blackbird,11
Yellow_headed_Blackbird/Yellow_Headed_Blackbird_0051_8387.jpg,Yellow_headed_Blackbird,11
Yellow_headed_Blackbird/Yellow_Headed_Blackbird_0086_8487.jpg,Yellow_headed_Blackbird,11
Yellow_headed_Blackbird/Yellow_Headed_Blackbird_0058_8350.jpg,Yellow_headed_Blackbird,11
Yellow_headed_Blackbird/Yellow_Headed_Blackbird_0041_8264.jpg,Yellow_headed_Blackbird,11
Yellow_headed_Blackbird/Yellow_Headed_Blackbird_0049_8548.jpg,Yellow_headed_Blackbird,11
Yellow_headed_Blackbird/Yellow_Headed_Blackbird_0024_8586.jpg,Yellow_headed_Blackbird,11
Yellow_headed_Blackbird/Yellow_Headed_Blackbird_0020_8549.jpg,Yellow_headed_Blackbird,11
Yellow_headed_Blackbird/Yellow_Headed_Blackbird_0089_8326.jpg,Yellow_headed_Blackbird,11
Yellow_headed_Blackbird/Yellow_Headed_Blackbird_0088_8257.jpg,Yellow_headed_Blackbird,11
Yellow_headed_Blackbird/Yellow_Headed_Blackbird_0056_8455.jpg,Yellow_headed_Blackbird,11
Yellow_headed_Blackbird/Yellow_Headed_Blackbird_0031_8456.jpg,Yellow_headed_Blackbird,11
Yellow_headed_Blackbird/Yellow_Headed_Blackbird_0095_8458.jpg,Yellow_headed_Blackbird,11
Yellow_headed_Blackbird/Yellow_Headed_Blackbird_0040_7514.jpg,Yellow_headed_Blackbird,11
Yellow_headed_Blackbird/Yellow_Headed_Blackbird_0008_8756.jpg,Yellow_headed_Blackbird,11
Yellow_headed_Blackbird/Yellow_Headed_Blackbird_0053_8410.jpg,Yellow_headed_Blackbird,11
Yellow_headed_Blackbird/Yellow_Headed_Blackbird_0061_8208.jpg,Yellow_headed_Blackbird,11
Yellow_headed_Blackbird/Yellow_Headed_Blackbird_0072_8606.jpg,Yellow_headed_Blackbird,11
Yellow_headed_Blackbird/Yellow_Headed_Blackbird_0034_7736.jpg,Yellow_headed_Blackbird,11
Yellow_headed_Blackbird/Yellow_Headed_Blackbird_0015_8207.jpg,Yellow_headed_Blackbird,11
Yellow_headed_Blackbird/Yellow_Headed_Blackbird_0035_8447.jpg,Yellow_headed_Blackbird,11
Yellow_headed_Blackbird/Yellow_Headed_Blackbird_0087_8358.jpg,Yellow_headed_Blackbird,11
Yellow_headed_Blackbird/Yellow_Headed_Blackbird_0098_8367.jpg,Yellow_headed_Blackbird,11
Yellow_headed_Blackbird/Yellow_Headed_Blackbird_0013_8362.jpg,Yellow_headed_Blackbird,11
Yellow_headed_Blackbird/Yellow_Headed_Blackbird_0077_8332.jpg,Yellow_headed_Blackbird,11
Yellow_headed_Blackbird/Yellow_Headed_Blackbird_0025_8262.jpg,Yellow_headed_Blackbird,11
Yellow_headed_Blackbird/Yellow_Headed_Blackbird_0082_8577.jpg,Yellow_headed_Blackbird,11
Yellow_headed_Blackbird/Yellow_Headed_Blackbird_0003_8337.jpg,Yellow_headed_Blackbird,11
Yellow_headed_Blackbird/Yellow_Headed_Blackbird_0074_8452.jpg,Yellow_headed_Blackbird,11
Yellow_headed_Blackbird/Yellow_Headed_Blackbird_0091_8555.jpg,Yellow_headed_Blackbird,11
Yellow_headed_Blackbird/Yellow_Headed_Blackbird_0108_7937.jpg,Yellow_headed_Blackbird,11
Yellow_headed_Blackbird/Yellow_Headed_Blackbird_0100_8407.jpg,Yellow_headed_Blackbird,11
Yellow_headed_Blackbird/Yellow_Headed_Blackbird_0102_8441.jpg,Yellow_headed_Blackbird,11
Yellow_headed_Blackbird/Yellow_Headed_Blackbird_0018_8588.jpg,Yellow_headed_Blackbird,11
Yellow_headed_Blackbird/Yellow_Headed_Blackbird_0109_8271.jpg,Yellow_headed_Blackbird,11
Yellow_headed_Blackbird/Yellow_Headed_Blackbird_0038_8689.jpg,Yellow_headed_Blackbird,11
Yellow_headed_Blackbird/Yellow_Headed_Blackbird_0070_8583.jpg,Yellow_headed_Blackbird,11
Yellow_headed_Blackbird/Yellow_Headed_Blackbird_0084_8435.jpg,Yellow_headed_Blackbird,11
Yellow_headed_Blackbird/Yellow_Headed_Blackbird_0065_8481.jpg,Yellow_headed_Blackbird,11
Yellow_headed_Blackbird/Yellow_Headed_Blackbird_0057_8236.jpg,Yellow_headed_Blackbird,11
Yellow_headed_Blackbird/Yellow_Headed_Blackbird_0023_7325.jpg,Yellow_headed_Blackbird,11
Brewer_Blackbird/Brewer_Blackbird_0101_2630.jpg,Brewer_Blackbird,7
Brewer_Blackbird/Brewer_Blackbird_0049_2258.jpg,Brewer_Blackbird,7
Brewer_Blackbird/Brewer_Blackbird_0096_2634.jpg,Brewer_Blackbird,7
Brewer_Blackbird/Brewer_Blackbird_0018_2261.jpg,Brewer_Blackbird,7
Brewer_Blackbird/Brewer_Blackbird_0046_2688.jpg,Brewer_Blackbird,7
Brewer_Blackbird/Brewer_Blackbird_0102_2620.jpg,Brewer_Blackbird,7
Brewer_Blackbird/Brewer_Blackbird_0079_2343.jpg,Brewer_Blackbird,7
Brewer_Blackbird/Brewer_Blackbird_0142_2636.jpg,Brewer_Blackbird,7
Brewer_Blackbird/Brewer_Blackbird_0065_2310.jpg,Brewer_Blackbird,7
Brewer_Blackbird/Brewer_Blackbird_0112_2340.jpg,Brewer_Blackbird,7
Brewer_Blackbird/Brewer_Blackbird_0106_2608.jpg,Brewer_Blackbird,7
Brewer_Blackbird/Brewer_Blackbird_0032_2214.jpg,Brewer_Blackbird,7
Brewer_Blackbird/Brewer_Blackbird_0109_2232.jpg,Brewer_Blackbird,7
Brewer_Blackbird/Brewer_Blackbird_0054_2631.jpg,Brewer_Blackbird,7
Brewer_Blackbird/Brewer_Blackbird_0115_2279.jpg,Brewer_Blackbird,7
Brewer_Blackbird/Brewer_Blackbird_0028_2682.jpg,Brewer_Blackbird,7
Brewer_Blackbird/Brewer_Blackbird_0004_2345.jpg,Brewer_Blackbird,7
Brewer_Blackbird/Brewer_Blackbird_0064_2290.jpg,Brewer_Blackbird,7
Brewer_Blackbird/Brewer_Blackbird_0061_2270.jpg,Brewer_Blackbird,7
Brewer_Blackbird/Brewer_Blackbird_0016_2225.jpg,Brewer_Blackbird,7
Brewer_Blackbird/Brewer_Blackbird_0111_2613.jpg,Brewer_Blackbird,7
Brewer_Blackbird/Brewer_Blackbird_0087_2622.jpg,Brewer_Blackbird,7
Brewer_Blackbird/Brewer_Blackbird_0097_2322.jpg,Brewer_Blackbird,7
Brewer_Blackbird/Brewer_Blackbird_0041_2653.jpg,Brewer_Blackbird,7
Brewer_Blackbird/Brewer_Blackbird_0137_2680.jpg,Brewer_Blackbird,7
Brewer_Blackbird/Brewer_Blackbird_0132_2293.jpg,Brewer_Blackbird,7
Brewer_Blackbird/Brewer_Blackbird_0017_2668.jpg,Brewer_Blackbird,7
Brewer_Blackbird/Brewer_Blackbird_0045_2303.jpg,Brewer_Blackbird,7
Brewer_Blackbird/Brewer_Blackbird_0025_2231.jpg,Brewer_Blackbird,7
Brewer_Blackbird/Brewer_Blackbird_0038_2294.jpg,Brewer_Blackbird,7
Brewer_Blackbird/Brewer_Blackbird_0074_2277.jpg,Brewer_Blackbird,7
Brewer_Blackbird/Brewer_Blackbird_0140_2586.jpg,Brewer_Blackbird,7
Brewer_Blackbird/Brewer_Blackbird_0014_2679.jpg,Brewer_Blackbird,7
Brewer_Blackbird/Brewer_Blackbird_0042_2302.jpg,Brewer_Blackbird,7
Brewer_Blackbird/Brewer_Blackbird_0131_2289.jpg,Brewer_Blackbird,7
Brewer_Blackbird/Brewer_Blackbird_0103_2273.jpg,Brewer_Blackbird,7
Brewer_Blackbird/Brewer_Blackbird_0030_2268.jpg,Brewer_Blackbird,7
Brewer_Blackbird/Brewer_Blackbird_0070_2325.jpg,Brewer_Blackbird,7
Brewer_Blackbird/Brewer_Blackbird_0082_2593.jpg,Brewer_Blackbird,7
Brewer_Blackbird/Brewer_Blackbird_0026_2625.jpg,Brewer_Blackbird,7
Brewer_Blackbird/Brewer_Blackbird_0066_2693.jpg,Brewer_Blackbird,7
Brewer_Blackbird/Brewer_Blackbird_0139_2567.jpg,Brewer_Blackbird,7
Brewer_Blackbird/Brewer_Blackbird_0080_2234.jpg,Brewer_Blackbird,7
Brewer_Blackbird/Brewer_Blackbird_0002_2278.jpg,Brewer_Blackbird,7
Brewer_Blackbird/Brewer_Blackbird_0027_2329.jpg,Brewer_Blackbird,7
Brewer_Blackbird/Brewer_Blackbird_0099_2560.jpg,Brewer_Blackbird,7
Brewer_Blackbird/Brewer_Blackbird_0078_2659.jpg,Brewer_Blackbird,7
Brewer_Blackbird/Brewer_Blackbird_0035_2611.jpg,Brewer_Blackbird,7
Brewer_Blackbird/Brewer_Blackbird_0135_2607.jpg,Brewer_Blackbird,7
Brewer_Blackbird/Brewer_Blackbird_0095_2610.jpg,Brewer_Blackbird,7
Brewer_Blackbird/Brewer_Blackbird_0090_2658.jpg,Brewer_Blackbird,7
Brewer_Blackbird/Brewer_Blackbird_0010_2269.jpg,Brewer_Blackbird,7
Brewer_Blackbird/Brewer_Blackbird_0116_2327.jpg,Brewer_Blackbird,7
Brewer_Blackbird/Brewer_Blackbird_0133_2324.jpg,Brewer_Blackbird,7
Brewer_Blackbird/Brewer_Blackbird_0012_2691.jpg,Brewer_Blackbird,7
Bobolink/Bobolink_0099_9314.jpg,Bobolink,9
Bobolink/Bobolink_0056_9080.jpg,Bobolink,9
Bobolink/Bobolink_0109_9869.jpg,Bobolink,9
Bobolink/Bobolink_0115_9265.jpg,Bobolink,9
Bobolink/Bobolink_0110_9496.jpg,Bobolink,9
Bobolink/Bobolink_0044_9990.jpg,Bobolink,9
Bobolink/Bobolink_0035_11117.jpg,Bobolink,9
Bobolink/Bobolink_0094_9823.jpg,Bobolink,9
Bobolink/Bobolink_0064_10092.jpg,Bobolink,9
Bobolink/Bobolink_0033_10809.jpg,Bobolink,9
Bobolink/Bobolink_0057_10051.jpg,Bobolink,9
Bobolink/Bobolink_0097_10861.jpg,Bobolink,9
Bobolink/Bobolink_0013_9367.jpg,Bobolink,9
Bobolink/Bobolink_0021_10623.jpg,Bobolink,9
Bobolink/Bobolink_0001_9261.jpg,Bobolink,9
Bobolink/Bobolink_0039_9779.jpg,Bobolink,9
Bobolink/Bobolink_0043_10607.jpg,Bobolink,9
Bobolink/Bobolink_0032_10217.jpg,Bobolink,9
Bobolink/Bobolink_0026_11057.jpg,Bobolink,9
Bobolink/Bobolink_0120_10859.jpg,Bobolink,9
Bobolink/Bobolink_0106_9126.jpg,Bobolink,9
Bobolink/Bobolink_0019_10552.jpg,Bobolink,9
Bobolink/Bobolink_0126_11458.jpg,Bobolink,9
Bobolink/Bobolink_0040_9681.jpg,Bobolink,9
Bobolink/Bobolink_0092_10026.jpg,Bobolink,9
Bobolink/Bobolink_0008_9289.jpg,Bobolink,9
Bobolink/Bobolink_0112_11073.jpg,Bobolink,9
Bobolink/Bobolink_0069_9085.jpg,Bobolink,9
Bobolink/Bobolink_0020_9194.jpg,Bobolink,9
Bobolink/Bobolink_0114_10627.jpg,Bobolink,9
Bobolink/Bobolink_0007_9246.jpg,Bobolink,9
Bobolink/Bobolink_0052_9423.jpg,Bobolink,9
Bobolink/Bobolink_0102_10807.jpg,Bobolink,9
Bobolink/Bobolink_0131_9578.jpg,Bobolink,9
Bobolink/Bobolink_0027_10569.jpg,Bobolink,9
Bobolink/Bobolink_0050_9821.jpg,Bobolink,9
Bobolink/Bobolink_0059_10041.jpg,Bobolink,9
Bobolink/Bobolink_0065_9375.jpg,Bobolink,9
Bobolink/Bobolink_0018_9402.jpg,Bobolink,9
Bobolink/Bobolink_0049_9540.jpg,Bobolink,9
Bobolink/Bobolink_0079_10736.jpg,Bobolink,9
Bobolink/Bobolink_0119_10430.jpg,Bobolink,9
Bobolink/Bobolink_0133_9618.jpg,Bobolink,9
Bobolink/Bobolink_0117_10215.jpg,Bobolink,9
Bobolink/Bobolink_0071_9503.jpg,Bobolink,9
Bobolink/Bobolink_0104_10273.jpg,Bobolink,9
Bobolink/Bobolink_0074_9311.jpg,Bobolink,9
Bobolink/Bobolink_0128_9947.jpg,Bobolink,9
Bobolink/Bobolink_0107_10252.jpg,Bobolink,9
Bobolink/Bobolink_0048_9988.jpg,Bobolink,9
Bobolink/Bobolink_0002_11085.jpg,Bobolink,9
Bobolink/Bobolink_0014_11055.jpg,Bobolink,9
Bobolink/Bobolink_0070_10624.jpg,Bobolink,9
Bobolink/Bobolink_0053_10166.jpg,Bobolink,9
Bobolink/Bobolink_0081_9439.jpg,Bobolink,9
Bobolink/Bobolink_0124_10182.jpg,Bobolink,9
Bobolink/Bobolink_0067_11533.jpg,Bobolink,9
Bobolink/Bobolink_0076_11093.jpg,Bobolink,9
Lazuli_Bunting/Lazuli_Bunting_0032_14778.jpg,Lazuli_Bunting,10
Lazuli_Bunting/Lazuli_Bunting_0084_14815.jpg,Lazuli_Bunting,10
Lazuli_Bunting/Lazuli_Bunting_0046_14787.jpg,Lazuli_Bunting,10
Lazuli_Bunting/Lazuli_Bunting_0070_14665.jpg,Lazuli_Bunting,10
Lazuli_Bunting/Lazuli_Bunting_0035_14920.jpg,Lazuli_Bunting,10
Lazuli_Bunting/Lazuli_Bunting_0015_14690.jpg,Lazuli_Bunting,10
Lazuli_Bunting/Lazuli_Bunting_0095_14919.jpg,Lazuli_Bunting,10
Lazuli_Bunting/Lazuli_Bunting_0097_14617.jpg,Lazuli_Bunting,10
Lazuli_Bunting/Lazuli_Bunting_0092_14656.jpg,Lazuli_Bunting,10
Lazuli_Bunting/Lazuli_Bunting_0054_14714.jpg,Lazuli_Bunting,10
Lazuli_Bunting/Lazuli_Bunting_0086_14992.jpg,Lazuli_Bunting,10
Lazuli_Bunting/Lazuli_Bunting_0059_14749.jpg,Lazuli_Bunting,10
Lazuli_Bunting/Lazuli_Bunting_0105_15017.jpg,Lazuli_Bunting,10
Lazuli_Bunting/Lazuli_Bunting_0025_15079.jpg,Lazuli_Bunting,10
Lazuli_Bunting/Lazuli_Bunting_0045_14954.jpg,Lazuli_Bunting,10
Lazuli_Bunting/Lazuli_Bunting_0093_15030.jpg,Lazuli_Bunting,10
Lazuli_Bunting/Lazuli_Bunting_0026_14669.jpg,Lazuli_Bunting,10
Lazuli_Bunting/Lazuli_Bunting_0087_15096.jpg,Lazuli_Bunting,10
Lazuli_Bunting/Lazuli_Bunting_0052_14618.jpg,Lazuli_Bunting,10
Lazuli_Bunting/Lazuli_Bunting_0030_14986.jpg,Lazuli_Bunting,10
Lazuli_Bunting/Lazuli_Bunting_0021_14686.jpg,Lazuli_Bunting,10
Lazuli_Bunting/Lazuli_Bunting_0048_14844.jpg,Lazuli_Bunting,10
Lazuli_Bunting/Lazuli_Bunting_0107_14705.jpg,Lazuli_Bunting,10
Lazuli_Bunting/Lazuli_Bunting_0041_15152.jpg,Lazuli_Bunting,10
Lazuli_Bunting/Lazuli_Bunting_0076_14662.jpg,Lazuli_Bunting,10
Lazuli_Bunting/Lazuli_Bunting_0039_15081.jpg,Lazuli_Bunting,10
Lazuli_Bunting/Lazuli_Bunting_0085_14627.jpg,Lazuli_Bunting,10
Lazuli_Bunting/Lazuli_Bunting_0040_14923.jpg,Lazuli_Bunting,10
Lazuli_Bunting/Lazuli_Bunting_0001_14916.jpg,Lazuli_Bunting,10
Lazuli_Bunting/Lazuli_Bunting_0056_15032.jpg,Lazuli_Bunting,10
Lazuli_Bunting/Lazuli_Bunting_0010_14915.jpg,Lazuli_Bunting,10
Lazuli_Bunting/Lazuli_Bunting_0067_14672.jpg,Lazuli_Bunting,10
Lazuli_Bunting/Lazuli_Bunting_0009_15163.jpg,Lazuli_Bunting,10
Lazuli_Bunting/Lazuli_Bunting_0081_14709.jpg,Lazuli_Bunting,10
Lazuli_Bunting/Lazuli_Bunting_0037_15021.jpg,Lazuli_Bunting,10
Lazuli_Bunting/Lazuli_Bunting_0074_14854.jpg,Lazuli_Bunting,10
Lazuli_Bunting/Lazuli_Bunting_0057_14775.jpg,Lazuli_Bunting,10
Lazuli_Bunting/Lazuli_Bunting_0078_15164.jpg,Lazuli_Bunting,10
Lazuli_Bunting/Lazuli_Bunting_0042_14820.jpg,Lazuli_Bunting,10
Lazuli_Bunting/Lazuli_Bunting_0020_14837.jpg,Lazuli_Bunting,10
Lazuli_Bunting/Lazuli_Bunting_0027_14895.jpg,Lazuli_Bunting,10
Lazuli_Bunting/Lazuli_Bunting_0080_14893.jpg,Lazuli_Bunting,10
Lazuli_Bunting/Lazuli_Bunting_0047_14863.jpg,Lazuli_Bunting,10
Lazuli_Bunting/Lazuli_Bunting_0102_14605.jpg,Lazuli_Bunting,10
Lazuli_Bunting/Lazuli_Bunting_0061_15155.jpg,Lazuli_Bunting,10
Lazuli_Bunting/Lazuli_Bunting_0031_15018.jpg,Lazuli_Bunting,10
Lazuli_Bunting/Lazuli_Bunting_0008_15195.jpg,Lazuli_Bunting,10
Lazuli_Bunting/Lazuli_Bunting_0028_14950.jpg,Lazuli_Bunting,10
Lazuli_Bunting/Lazuli_Bunting_0089_14598.jpg,Lazuli_Bunting,10
Lazuli_Bunting/Lazuli_Bunting_0073_14594.jpg,Lazuli_Bunting,10
Lazuli_Bunting/Lazuli_Bunting_0094_11894.jpg,Lazuli_Bunting,10
Lazuli_Bunting/Lazuli_Bunting_0004_14887.jpg,Lazuli_Bunting,10
Lazuli_Bunting/Lazuli_Bunting_0082_15047.jpg,Lazuli_Bunting,10
Lazuli_Bunting/Lazuli_Bunting_0034_14864.jpg,Lazuli_Bunting,10
Indigo_Bunting/Indigo_Bunting_0077_14060.jpg,Indigo_Bunting,6
Indigo_Bunting/Indigo_Bunting_0053_13391.jpg,Indigo_Bunting,6
Indigo_Bunting/Indigo_Bunting_0074_12829.jpg,Indigo_Bunting,6
Indigo_Bunting/Indigo_Bunting_0017_11574.jpg,Indigo_Bunting,6
Indigo_Bunting/Indigo_Bunting_0075_12835.jpg,Indigo_Bunting,6
Indigo_Bunting/Indigo_Bunting_0044_14389.jpg,Indigo_Bunting,6
Indigo_Bunting/Indigo_Bunting_0034_12464.jpg,Indigo_Bunting,6
Indigo_Bunting/Indigo_Bunting_0072_14197.jpg,Indigo_Bunting,6
Indigo_Bunting/Indigo_Bunting_0073_13933.jpg,Indigo_Bunting,6
Indigo_Bunting/Indigo_Bunting_0054_12213.jpg,Indigo_Bunting,6
Indigo_Bunting/Indigo_Bunting_0061_13259.jpg,Indigo_Bunting,6
Indigo_Bunting/Indigo_Bunting_0056_12637.jpg,Indigo_Bunting,6
Indigo_Bunting/Indigo_Bunting_0052_11893.jpg,Indigo_Bunting,6
Indigo_Bunting/Indigo_Bunting_0016_13661.jpg,Indigo_Bunting,6
Indigo_Bunting/Indigo_Bunting_0021_13979.jpg,Indigo_Bunting,6
Indigo_Bunting/Indigo_Bunting_0022_12781.jpg,Indigo_Bunting,6
Indigo_Bunting/Indigo_Bunting_0050_11811.jpg,Indigo_Bunting,6
Indigo_Bunting/Indigo_Bunting_0084_11848.jpg,Indigo_Bunting,6
Indigo_Bunting/Indigo_Bunting_0013_12949.jpg,Indigo_Bunting,6
Indigo_Bunting/Indigo_Bunting_0018_11883.jpg,Indigo_Bunting,6
Indigo_Bunting/Indigo_Bunting_0010_13000.jpg,Indigo_Bunting,6
Indigo_Bunting/Indigo_Bunting_0006_14317.jpg,Indigo_Bunting,6
Indigo_Bunting/Indigo_Bunting_0068_13081.jpg,Indigo_Bunting,6
Indigo_Bunting/Indigo_Bunting_0002_12163.jpg,Indigo_Bunting,6
Indigo_Bunting/Indigo_Bunting_0028_12335.jpg,Indigo_Bunting,6
Indigo_Bunting/Indigo_Bunting_0025_12532.jpg,Indigo_Bunting,6
Indigo_Bunting/Indigo_Bunting_0031_13300.jpg,Indigo_Bunting,6
Indigo_Bunting/Indigo_Bunting_0063_11820.jpg,Indigo_Bunting,6
Indigo_Bunting/Indigo_Bunting_0071_11639.jpg,Indigo_Bunting,6
Indigo_Bunting/Indigo_Bunting_0040_11805.jpg,Indigo_Bunting,6
Indigo_Bunting/Indigo_Bunting_0051_12837.jpg,Indigo_Bunting,6
Indigo_Bunting/Indigo_Bunting_0060_14495.jpg,Indigo_Bunting,6
Indigo_Bunting/Indigo_Bunting_0003_13049.jpg,Indigo_Bunting,6
Indigo_Bunting/Indigo_Bunting_0004_13195.jpg,Indigo_Bunting,6
Indigo_Bunting/Indigo_Bunting_0059_11596.jpg,Indigo_Bunting,6
Indigo_Bunting/Indigo_Bunting_0047_12966.jpg,Indigo_Bunting,6
Indigo_Bunting/Indigo_Bunting_0058_12207.jpg,Indigo_Bunting,6
Indigo_Bunting/Indigo_Bunting_0082_11907.jpg,Indigo_Bunting,6
Indigo_Bunting/Indigo_Bunting_0049_13641.jpg,Indigo_Bunting,6
Indigo_Bunting/Indigo_Bunting_0039_12756.jpg,Indigo_Bunting,6
Indigo_Bunting/Indigo_Bunting_0080_13416.jpg,Indigo_Bunting,6
Indigo_Bunting/Indigo_Bunting_0041_13987.jpg,Indigo_Bunting,6
Indigo_Bunting/Indigo_Bunting_0066_12869.jpg,Indigo_Bunting,6
Indigo_Bunting/Indigo_Bunting_0085_11991.jpg,Indigo_Bunting,6
Indigo_Bunting/Indigo_Bunting_0032_12215.jpg,Indigo_Bunting,6
Indigo_Bunting/Indigo_Bunting_0024_13523.jpg,Indigo_Bunting,6
Indigo_Bunting/Indigo_Bunting_0026_11964.jpg,Indigo_Bunting,6
Indigo_Bunting/Indigo_Bunting_0065_14558.jpg,Indigo_Bunting,6
Indigo_Bunting/Indigo_Bunting_0078_11852.jpg,Indigo_Bunting,6
Indigo_Bunting/Indigo_Bunting_0055_13473.jpg,Indigo_Bunting,6
Indigo_Bunting/Indigo_Bunting_0033_12777.jpg,Indigo_Bunting,6
Indigo_Bunting/Indigo_Bunting_0037_14128.jpg,Indigo_Bunting,6
Indigo_Bunting/Indigo_Bunting_0027_11579.jpg,Indigo_Bunting,6
Indigo_Bunting/Indigo_Bunting_0036_13716.jpg,Indigo_Bunting,6
Indigo_Bunting/Indigo_Bunting_0001_12469.jpg,Indigo_Bunting,6
Indigo_Bunting/Indigo_Bunting_0015_12632.jpg,Indigo_Bunting,6
Indigo_Bunting/Indigo_Bunting_0029_13761.jpg,Indigo_Bunting,6
Gray_crowned_Rosy_Finch/Gray_Crowned_Rosy_Finch_0048_27236.jpg,Gray_crowned_Rosy_Finch,18
Gray_crowned_Rosy_Finch/Gray_Crowned_Rosy_Finch_0031_797299.jpg,Gray_crowned_Rosy_Finch,18
Gray_crowned_Rosy_Finch/Gray_Crowned_Rosy_Finch_0064_27007.jpg,Gray_crowned_Rosy_Finch,18
Gray_crowned_Rosy_Finch/Gray_Crowned_Rosy_Finch_0024_27057.jpg,Gray_crowned_Rosy_Finch,18
Gray_crowned_Rosy_Finch/Gray_Crowned_Rosy_Finch_0026_27160.jpg,Gray_crowned_Rosy_Finch,18
Gray_crowned_Rosy_Finch/Gray_Crowned_Rosy_Finch_0022_27028.jpg,Gray_crowned_Rosy_Finch,18
Gray_crowned_Rosy_Finch/Gray_Crowned_Rosy_Finch_0019_27192.jpg,Gray_crowned_Rosy_Finch,18
Gray_crowned_Rosy_Finch/Gray_Crowned_Rosy_Finch_0068_27196.jpg,Gray_crowned_Rosy_Finch,18
Gray_crowned_Rosy_Finch/Gray_Crowned_Rosy_Finch_0072_26993.jpg,Gray_crowned_Rosy_Finch,18
Gray_crowned_Rosy_Finch/Gray_Crowned_Rosy_Finch_0041_27105.jpg,Gray_crowned_Rosy_Finch,18
Gray_crowned_Rosy_Finch/Gray_Crowned_Rosy_Finch_0025_797274.jpg,Gray_crowned_Rosy_Finch,18
Gray_crowned_Rosy_Finch/Gray_Crowned_Rosy_Finch_0084_27034.jpg,Gray_crowned_Rosy_Finch,18
Gray_crowned_Rosy_Finch/Gray_Crowned_Rosy_Finch_0073_27104.jpg,Gray_crowned_Rosy_Finch,18
Gray_crowned_Rosy_Finch/Gray_Crowned_Rosy_Finch_0010_27039.jpg,Gray_crowned_Rosy_Finch,18
Gray_crowned_Rosy_Finch/Gray_Crowned_Rosy_Finch_0053_797276.jpg,Gray_crowned_Rosy_Finch,18
Gray_crowned_Rosy_Finch/Gray_Crowned_Rosy_Finch_0043_26990.jpg,Gray_crowned_Rosy_Finch,18
Gray_crowned_Rosy_Finch/Gray_Crowned_Rosy_Finch_0001_27211.jpg,Gray_crowned_Rosy_Finch,18
Gray_crowned_Rosy_Finch/Gray_Crowned_Rosy_Finch_0012_27062.jpg,Gray_crowned_Rosy_Finch,18
Gray_crowned_Rosy_Finch/Gray_Crowned_Rosy_Finch_0009_26977.jpg,Gray_crowned_Rosy_Finch,18
Gray_crowned_Rosy_Finch/Gray_Crowned_Rosy_Finch_0063_27123.jpg,Gray_crowned_Rosy_Finch,18
Gray_crowned_Rosy_Finch/Gray_Crowned_Rosy_Finch_0036_797287.jpg,Gray_crowned_Rosy_Finch,18
Gray_crowned_Rosy_Finch/Gray_Crowned_Rosy_Finch_0030_27068.jpg,Gray_crowned_Rosy_Finch,18
Gray_crowned_Rosy_Finch/Gray_Crowned_Rosy_Finch_0075_27165.jpg,Gray_crowned_Rosy_Finch,18
Gray_crowned_Rosy_Finch/Gray_Crowned_Rosy_Finch_0013_27110.jpg,Gray_crowned_Rosy_Finch,18
Gray_crowned_Rosy_Finch/Gray_Crowned_Rosy_Finch_0034_797305.jpg,Gray_crowned_Rosy_Finch,18
Gray_crowned_Rosy_Finch/Gray_Crowned_Rosy_Finch_0047_797303.jpg,Gray_crowned_Rosy_Finch,18
Gray_crowned_Rosy_Finch/Gray_Crowned_Rosy_Finch_0056_797293.jpg,Gray_crowned_Rosy_Finch,18
Gray_crowned_Rosy_Finch/Gray_Crowned_Rosy_Finch_0046_797295.jpg,Gray_crowned_Rosy_Finch,18
Gray_crowned_Rosy_Finch/Gray_Crowned_Rosy_Finch_0071_797285.jpg,Gray_crowned_Rosy_Finch,18
Gray_crowned_Rosy_Finch/Gray_Crowned_Rosy_Finch_0061_26979.jpg,Gray_crowned_Rosy_Finch,18
Gray_crowned_Rosy_Finch/Gray_Crowned_Rosy_Finch_0079_797294.jpg,Gray_crowned_Rosy_Finch,18
Gray_crowned_Rosy_Finch/Gray_Crowned_Rosy_Finch_0066_797298.jpg,Gray_crowned_Rosy_Finch,18
Gray_crowned_Rosy_Finch/Gray_Crowned_Rosy_Finch_0076_27200.jpg,Gray_crowned_Rosy_Finch,18
Gray_crowned_Rosy_Finch/Gray_Crowned_Rosy_Finch_0055_27112.jpg,Gray_crowned_Rosy_Finch,18
Gray_crowned_Rosy_Finch/Gray_Crowned_Rosy_Finch_0051_26988.jpg,Gray_crowned_Rosy_Finch,18
Gray_crowned_Rosy_Finch/Gray_Crowned_Rosy_Finch_0067_797289.jpg,Gray_crowned_Rosy_Finch,18
Gray_crowned_Rosy_Finch/Gray_Crowned_Rosy_Finch_0016_27181.jpg,Gray_crowned_Rosy_Finch,18
Gray_crowned_Rosy_Finch/Gray_Crowned_Rosy_Finch_0057_27107.jpg,Gray_crowned_Rosy_Finch,18
Gray_crowned_Rosy_Finch/Gray_Crowned_Rosy_Finch_0038_797309.jpg,Gray_crowned_Rosy_Finch,18
Gray_crowned_Rosy_Finch/Gray_Crowned_Rosy_Finch_0042_27143.jpg,Gray_crowned_Rosy_Finch,18
Gray_crowned_Rosy_Finch/Gray_Crowned_Rosy_Finch_0029_797300.jpg,Gray_crowned_Rosy_Finch,18
Gray_crowned_Rosy_Finch/Gray_Crowned_Rosy_Finch_0015_797291.jpg,Gray_crowned_Rosy_Finch,18
Gray_crowned_Rosy_Finch/Gray_Crowned_Rosy_Finch_0021_797286.jpg,Gray_crowned_Rosy_Finch,18
Gray_crowned_Rosy_Finch/Gray_Crowned_Rosy_Finch_0044_26976.jpg,Gray_crowned_Rosy_Finch,18
Gray_crowned_Rosy_Finch/Gray_Crowned_Rosy_Finch_0074_27156.jpg,Gray_crowned_Rosy_Finch,18
Gray_crowned_Rosy_Finch/Gray_Crowned_Rosy_Finch_0080_27108.jpg,Gray_crowned_Rosy_Finch,18
Gray_crowned_Rosy_Finch/Gray_Crowned_Rosy_Finch_0023_797288.jpg,Gray_crowned_Rosy_Finch,18
Gray_crowned_Rosy_Finch/Gray_Crowned_Rosy_Finch_0040_26985.jpg,Gray_crowned_Rosy_Finch,18
Gray_crowned_Rosy_Finch/Gray_Crowned_Rosy_Finch_0018_26978.jpg,Gray_crowned_Rosy_Finch,18
Gray_crowned_Rosy_Finch/Gray_Crowned_Rosy_Finch_0028_27114.jpg,Gray_crowned_Rosy_Finch,18
Gray_crowned_Rosy_Finch/Gray_Crowned_Rosy_Finch_0078_27136.jpg,Gray_crowned_Rosy_Finch,18
Fish_Crow/Fish_Crow_0078_26144.jpg,Fish_Crow,13
Fish_Crow/Fish_Crow_0025_25893.jpg,Fish_Crow,13
Fish_Crow/Fish_Crow_0085_25919.jpg,Fish_Crow,13
Fish_Crow/Fish_Crow_0041_25887.jpg,Fish_Crow,13
Fish_Crow/Fish_Crow_0010_25836.jpg,Fish_Crow,13
Fish_Crow/Fish_Crow_0073_25977.jpg,Fish_Crow,13
Fish_Crow/Fish_Crow_0081_25908.jpg,Fish_Crow,13
Fish_Crow/Fish_Crow_0001_26031.jpg,Fish_Crow,13
Fish_Crow/Fish_Crow_0003_25970.jpg,Fish_Crow,13
Fish_Crow/Fish_Crow_0060_26016.jpg,Fish_Crow,13
Fish_Crow/Fish_Crow_0014_26041.jpg,Fish_Crow,13
Fish_Crow/Fish_Crow_0065_25942.jpg,Fish_Crow,13
Fish_Crow/Fish_Crow_0034_25891.jpg,Fish_Crow,13
Fish_Crow/Fish_Crow_0053_26067.jpg,Fish_Crow,13
Fish_Crow/Fish_Crow_0056_25851.jpg,Fish_Crow,13
Fish_Crow/Fish_Crow_0079_26030.jpg,Fish_Crow,13
Fish_Crow/Fish_Crow_0063_26094.jpg,Fish_Crow,13
Fish_Crow/Fish_Crow_0058_25999.jpg,Fish_Crow,13
Fish_Crow/Fish_Crow_0022_26062.jpg,Fish_Crow,13
Fish_Crow/Fish_Crow_0024_26064.jpg,Fish_Crow,13
Fish_Crow/Fish_Crow_0032_26014.jpg,Fish_Crow,13
Fish_Crow/Fish_Crow_0068_25859.jpg,Fish_Crow,13
Fish_Crow/Fish_Crow_0017_26127.jpg,Fish_Crow,13
Fish_Crow/Fish_Crow_0011_25866.jpg,Fish_Crow,13
Fish_Crow/Fish_Crow_0059_25864.jpg,Fish_Crow,13
Fish_Crow/Fish_Crow_0082_26012.jpg,Fish_Crow,13
Fish_Crow/Fish_Crow_0076_25971.jpg,Fish_Crow,13
Fish_Crow/Fish_Crow_0044_25964.jpg,Fish_Crow,13
Fish_Crow/Fish_Crow_0013_25939.jpg,Fish_Crow,13
Fish_Crow/Fish_Crow_0016_25854.jpg,Fish_Crow,13
Fish_Crow/Fish_Crow_0043_25847.jpg,Fish_Crow,13
Fish_Crow/Fish_Crow_0028_25968.jpg,Fish_Crow,13
Fish_Crow/Fish_Crow_0042_26148.jpg,Fish_Crow,13
Fish_Crow/Fish_Crow_0040_25158.jpg,Fish_Crow,13
Fish_Crow/Fish_Crow_0031_25909.jpg,Fish_Crow,13
Fish_Crow/Fish_Crow_0002_26072.jpg,Fish_Crow,13
Fish_Crow/Fish_Crow_0035_26081.jpg,Fish_Crow,13
Fish_Crow/Fish_Crow_0004_25936.jpg,Fish_Crow,13
Fish_Crow/Fish_Crow_0080_25861.jpg,Fish_Crow,13
Fish_Crow/Fish_Crow_0055_26077.jpg,Fish_Crow,13
Fish_Crow/Fish_Crow_0018_25879.jpg,Fish_Crow,13
Fish_Crow/Fish_Crow_0007_26023.jpg,Fish_Crow,13
Fish_Crow/Fish_Crow_0049_26040.jpg,Fish_Crow,13
Fish_Crow/Fish_Crow_0047_26070.jpg,Fish_Crow,13
Fish_Crow/Fish_Crow_0038_26000.jpg,Fish_Crow,13
Fish_Crow/Fish_Crow_0067_26124.jpg,Fish_Crow,13
Fish_Crow/Fish_Crow_0051_25934.jpg,Fish_Crow,13
Fish_Crow/Fish_Crow_0083_25949.jpg,Fish_Crow,13
Fish_Crow/Fish_Crow_0033_25915.jpg,Fish_Crow,13
Fish_Crow/Fish_Crow_0037_26071.jpg,Fish_Crow,13
Fish_Crow/Fish_Crow_0012_25946.jpg,Fish_Crow,13
Fish_Crow/Fish_Crow_0023_26037.jpg,Fish_Crow,13
Fish_Crow/Fish_Crow_0020_26027.jpg,Fish_Crow,13
Fish_Crow/Fish_Crow_0072_25945.jpg,Fish_Crow,13
Painted_Bunting/Painted_Bunting_0073_16737.jpg,Painted_Bunting,8
Painted_Bunting/Painted_Bunting_0055_15208.jpg,Painted_Bunting,8
Painted_Bunting/Painted_Bunting_0069_16462.jpg,Painted_Bunting,8
Painted_Bunting/Painted_Bunting_0001_16585.jpg,Painted_Bunting,8
Painted_Bunting/Painted_Bunting_0025_16722.jpg,Painted_Bunting,8
Painted_Bunting/Painted_Bunting_0027_16536.jpg,Painted_Bunting,8
Painted_Bunting/Painted_Bunting_0099_16525.jpg,Painted_Bunting,8
Painted_Bunting/Painted_Bunting_0093_15212.jpg,Painted_Bunting,8
Painted_Bunting/Painted_Bunting_0091_15198.jpg,Painted_Bunting,8
Painted_Bunting/Painted_Bunting_0032_16605.jpg,Painted_Bunting,8
Painted_Bunting/Painted_Bunting_0011_16690.jpg,Painted_Bunting,8
Painted_Bunting/Painted_Bunting_0079_15197.jpg,Painted_Bunting,8
Painted_Bunting/Painted_Bunting_0080_16534.jpg,Painted_Bunting,8
Painted_Bunting/Painted_Bunting_0029_16530.jpg,Painted_Bunting,8
Painted_Bunting/Painted_Bunting_0060_15224.jpg,Painted_Bunting,8
Painted_Bunting/Painted_Bunting_0006_15249.jpg,Painted_Bunting,8
Painted_Bunting/Painted_Bunting_0066_15241.jpg,Painted_Bunting,8
Painted_Bunting/Painted_Bunting_0084_16531.jpg,Painted_Bunting,8
Painted_Bunting/Painted_Bunting_0081_15230.jpg,Painted_Bunting,8
Painted_Bunting/Painted_Bunting_0005_15202.jpg,Painted_Bunting,8
Painted_Bunting/Painted_Bunting_0058_16719.jpg,Painted_Bunting,8
Painted_Bunting/Painted_Bunting_0078_16565.jpg,Painted_Bunting,8
Painted_Bunting/Painted_Bunting_0085_15282.jpg,Painted_Bunting,8
Painted_Bunting/Painted_Bunting_0010_16948.jpg,Painted_Bunting,8
Painted_Bunting/Painted_Bunting_0086_16540.jpg,Painted_Bunting,8
Painted_Bunting/Painted_Bunting_0021_15295.jpg,Painted_Bunting,8
Painted_Bunting/Painted_Bunting_0053_16404.jpg,Painted_Bunting,8
Painted_Bunting/Painted_Bunting_0028_15205.jpg,Painted_Bunting,8
Painted_Bunting/Painted_Bunting_0040_16691.jpg,Painted_Bunting,8
Painted_Bunting/Painted_Bunting_0019_15231.jpg,Painted_Bunting,8
Painted_Bunting/Painted_Bunting_0076_16765.jpg,Painted_Bunting,8
Painted_Bunting/Painted_Bunting_0098_15226.jpg,Painted_Bunting,8
Painted_Bunting/Painted_Bunting_0039_15235.jpg,Painted_Bunting,8
Painted_Bunting/Painted_Bunting_0102_16642.jpg,Painted_Bunting,8
Painted_Bunting/Painted_Bunting_0036_16563.jpg,Painted_Bunting,8
Painted_Bunting/Painted_Bunting_0046_16535.jpg,Painted_Bunting,8
Painted_Bunting/Painted_Bunting_0077_16819.jpg,Painted_Bunting,8
Painted_Bunting/Painted_Bunting_0056_16599.jpg,Painted_Bunting,8
Painted_Bunting/Painted_Bunting_0050_16670.jpg,Painted_Bunting,8
Painted_Bunting/Painted_Bunting_0013_15294.jpg,Painted_Bunting,8
Painted_Bunting/Painted_Bunting_0016_15200.jpg,Painted_Bunting,8
Painted_Bunting/Painted_Bunting_0071_15209.jpg,Painted_Bunting,8
Painted_Bunting/Painted_Bunting_0083_16587.jpg,Painted_Bunting,8
Painted_Bunting/Painted_Bunting_0054_16711.jpg,Painted_Bunting,8
Painted_Bunting/Painted_Bunting_0009_16674.jpg,Painted_Bunting,8
Painted_Bunting/Painted_Bunting_0094_16467.jpg,Painted_Bunting,8
Painted_Bunting/Painted_Bunting_0072_16697.jpg,Painted_Bunting,8
Painted_Bunting/Painted_Bunting_0061_16930.jpg,Painted_Bunting,8
Painted_Bunting/Painted_Bunting_0044_16557.jpg,Painted_Bunting,8
Painted_Bunting/Painted_Bunting_0070_16515.jpg,Painted_Bunting,8
Painted_Bunting/Painted_Bunting_0096_15233.jpg,Painted_Bunting,8
Painted_Bunting/Painted_Bunting_0087_15232.jpg,Painted_Bunting,8
Yellow_breasted_Chat/Yellow_Breasted_Chat_0106_22032.jpg,Yellow_breasted_Chat,16
Yellow_breasted_Chat/Yellow_Breasted_Chat_0022_21944.jpg,Yellow_breasted_Chat,16
Yellow_breasted_Chat/Yellow_Breasted_Chat_0008_21856.jpg,Yellow_breasted_Chat,16
Yellow_breasted_Chat/Yellow_Breasted_Chat_0048_21797.jpg,Yellow_breasted_Chat,16
Yellow_breasted_Chat/Yellow_Breasted_Chat_0014_21970.jpg,Yellow_breasted_Chat,16
Yellow_breasted_Chat/Yellow_Breasted_Chat_0089_21804.jpg,Yellow_breasted_Chat,16
Yellow_breasted_Chat/Yellow_Breasted_Chat_0101_21677.jpg,Yellow_breasted_Chat,16
Yellow_breasted_Chat/Yellow_Breasted_Chat_0110_21871.jpg,Yellow_breasted_Chat,16
Yellow_breasted_Chat/Yellow_Breasted_Chat_0041_21683.jpg,Yellow_breasted_Chat,16
Yellow_breasted_Chat/Yellow_Breasted_Chat_0001_21928.jpg,Yellow_breasted_Chat,16
Yellow_breasted_Chat/Yellow_Breasted_Chat_0097_21748.jpg,Yellow_breasted_Chat,16
Yellow_breasted_Chat/Yellow_Breasted_Chat_0086_21877.jpg,Yellow_breasted_Chat,16
Yellow_breasted_Chat/Yellow_Breasted_Chat_0107_21698.jpg,Yellow_breasted_Chat,16
Yellow_breasted_Chat/Yellow_Breasted_Chat_0081_21829.jpg,Yellow_breasted_Chat,16
Yellow_breasted_Chat/Yellow_Breasted_Chat_0034_21955.jpg,Yellow_breasted_Chat,16
Yellow_breasted_Chat/Yellow_Breasted_Chat_0033_21873.jpg,Yellow_breasted_Chat,16
Yellow_breasted_Chat/Yellow_Breasted_Chat_0052_21866.jpg,Yellow_breasted_Chat,16
Yellow_breasted_Chat/Yellow_Breasted_Chat_0073_21932.jpg,Yellow_breasted_Chat,16
Yellow_breasted_Chat/Yellow_Breasted_Chat_0077_21986.jpg,Yellow_breasted_Chat,16
Yellow_breasted_Chat/Yellow_Breasted_Chat_0072_21830.jpg,Yellow_breasted_Chat,16
Yellow_breasted_Chat/Yellow_Breasted_Chat_0044_22106.jpg,Yellow_breasted_Chat,16
Yellow_breasted_Chat/Yellow_Breasted_Chat_0079_21978.jpg,Yellow_breasted_Chat,16
Yellow_breasted_Chat/Yellow_Breasted_Chat_0065_22137.jpg,Yellow_breasted_Chat,16
Yellow_breasted_Chat/Yellow_Breasted_Chat_0026_21845.jpg,Yellow_breasted_Chat,16
Yellow_breasted_Chat/Yellow_Breasted_Chat_0084_22082.jpg,Yellow_breasted_Chat,16
Yellow_breasted_Chat/Yellow_Breasted_Chat_0032_21823.jpg,Yellow_breasted_Chat,16
Yellow_breasted_Chat/Yellow_Breasted_Chat_0013_22008.jpg,Yellow_breasted_Chat,16
Yellow_breasted_Chat/Yellow_Breasted_Chat_0098_21987.jpg,Yellow_breasted_Chat,16
Yellow_breasted_Chat/Yellow_Breasted_Chat_0005_21828.jpg,Yellow_breasted_Chat,16
Yellow_breasted_Chat/Yellow_Breasted_Chat_0102_21696.jpg,Yellow_breasted_Chat,16
Yellow_breasted_Chat/Yellow_Breasted_Chat_0091_22111.jpg,Yellow_breasted_Chat,16
Yellow_breasted_Chat/Yellow_Breasted_Chat_0029_22017.jpg,Yellow_breasted_Chat,16
Yellow_breasted_Chat/Yellow_Breasted_Chat_0071_22129.jpg,Yellow_breasted_Chat,16
Yellow_breasted_Chat/Yellow_Breasted_Chat_0094_21693.jpg,Yellow_breasted_Chat,16
Yellow_breasted_Chat/Yellow_Breasted_Chat_0103_21670.jpg,Yellow_breasted_Chat,16
Yellow_breasted_Chat/Yellow_Breasted_Chat_0035_21870.jpg,Yellow_breasted_Chat,16
Yellow_breasted_Chat/Yellow_Breasted_Chat_0058_21864.jpg,Yellow_breasted_Chat,16
Yellow_breasted_Chat/Yellow_Breasted_Chat_0039_21654.jpg,Yellow_breasted_Chat,16
Yellow_breasted_Chat/Yellow_Breasted_Chat_0090_21931.jpg,Yellow_breasted_Chat,16
Yellow_breasted_Chat/Yellow_Breasted_Chat_0002_21819.jpg,Yellow_breasted_Chat,16
Yellow_breasted_Chat/Yellow_Breasted_Chat_0109_21796.jpg,Yellow_breasted_Chat,16
Yellow_breasted_Chat/Yellow_Breasted_Chat_0061_21967.jpg,Yellow_breasted_Chat,16
Yellow_breasted_Chat/Yellow_Breasted_Chat_0062_21673.jpg,Yellow_breasted_Chat,16
Yellow_breasted_Chat/Yellow_Breasted_Chat_0011_21820.jpg,Yellow_breasted_Chat,16
Yellow_breasted_Chat/Yellow_Breasted_Chat_0010_21777.jpg,Yellow_breasted_Chat,16
Yellow_breasted_Chat/Yellow_Breasted_Chat_0095_21832.jpg,Yellow_breasted_Chat,16
Yellow_breasted_Chat/Yellow_Breasted_Chat_0063_21783.jpg,Yellow_breasted_Chat,16
Yellow_breasted_Chat/Yellow_Breasted_Chat_0012_21961.jpg,Yellow_breasted_Chat,16
Yellow_breasted_Chat/Yellow_Breasted_Chat_0066_21839.jpg,Yellow_breasted_Chat,16
Yellow_breasted_Chat/Yellow_Breasted_Chat_0105_21714.jpg,Yellow_breasted_Chat,16
Yellow_breasted_Chat/Yellow_Breasted_Chat_0100_21913.jpg,Yellow_breasted_Chat,16
Rusty_Blackbird/Rusty_Blackbird_0073_6744.jpg,Rusty_Blackbird,2
Rusty_Blackbird/Rusty_Blackbird_0026_6768.jpg,Rusty_Blackbird,2
Rusty_Blackbird/Rusty_Blackbird_0054_6676.jpg,Rusty_Blackbird,2
Rusty_Blackbird/Rusty_Blackbird_0015_6885.jpg,Rusty_Blackbird,2
Rusty_Blackbird/Rusty_Blackbird_0111_3220.jpg,Rusty_Blackbird,2
Rusty_Blackbird/Rusty_Blackbird_0085_6713.jpg,Rusty_Blackbird,2
Rusty_Blackbird/Rusty_Blackbird_0001_6548.jpg,Rusty_Blackbird,2
Rusty_Blackbird/Rusty_Blackbird_0027_6593.jpg,Rusty_Blackbird,2
Rusty_Blackbird/Rusty_Blackbird_0057_6935.jpg,Rusty_Blackbird,2
Rusty_Blackbird/Rusty_Blackbird_0020_6679.jpg,Rusty_Blackbird,2
Rusty_Blackbird/Rusty_Blackbird_0019_6704.jpg,Rusty_Blackbird,2
Rusty_Blackbird/Rusty_Blackbird_0108_6867.jpg,Rusty_Blackbird,2
Rusty_Blackbird/Rusty_Blackbird_0094_6582.jpg,Rusty_Blackbird,2
Rusty_Blackbird/Rusty_Blackbird_0006_6633.jpg,Rusty_Blackbird,2
Rusty_Blackbird/Rusty_Blackbird_0017_6755.jpg,Rusty_Blackbird,2
Rusty_Blackbird/Rusty_Blackbird_0092_2727.jpg,Rusty_Blackbird,2
Rusty_Blackbird/Rusty_Blackbird_0105_6937.jpg,Rusty_Blackbird,2
Rusty_Blackbird/Rusty_Blackbird_0114_6760.jpg,Rusty_Blackbird,2
Rusty_Blackbird/Rusty_Blackbird_0120_6762.jpg,Rusty_Blackbird,2
Rusty_Blackbird/Rusty_Blackbird_0023_6752.jpg,Rusty_Blackbird,2
Rusty_Blackbird/Rusty_Blackbird_0009_6853.jpg,Rusty_Blackbird,2
Rusty_Blackbird/Rusty_Blackbird_0112_3415.jpg,Rusty_Blackbird,2
Rusty_Blackbird/Rusty_Blackbird_0031_6699.jpg,Rusty_Blackbird,2
Rusty_Blackbird/Rusty_Blackbird_0100_6597.jpg,Rusty_Blackbird,2
Rusty_Blackbird/Rusty_Blackbird_0051_6715.jpg,Rusty_Blackbird,2
Rusty_Blackbird/Rusty_Blackbird_0109_6698.jpg,Rusty_Blackbird,2
Rusty_Blackbird/Rusty_Blackbird_0076_6716.jpg,Rusty_Blackbird,2
Rusty_Blackbird/Rusty_Blackbird_0075_6717.jpg,Rusty_Blackbird,2
Rusty_Blackbird/Rusty_Blackbird_0013_6902.jpg,Rusty_Blackbird,2
Rusty_Blackbird/Rusty_Blackbird_0107_6839.jpg,Rusty_Blackbird,2
Rusty_Blackbird/Rusty_Blackbird_0121_6637.jpg,Rusty_Blackbird,2
Rusty_Blackbird/Rusty_Blackbird_0093_6628.jpg,Rusty_Blackbird,2
Rusty_Blackbird/Rusty_Blackbird_0003_6749.jpg,Rusty_Blackbird,2
Rusty_Blackbird/Rusty_Blackbird_0036_6550.jpg,Rusty_Blackbird,2
Rusty_Blackbird/Rusty_Blackbird_0011_7028.jpg,Rusty_Blackbird,2
Rusty_Blackbird/Rusty_Blackbird_0080_6877.jpg,Rusty_Blackbird,2
Rusty_Blackbird/Rusty_Blackbird_0047_7009.jpg,Rusty_Blackbird,2
Rusty_Blackbird/Rusty_Blackbird_0043_2597.jpg,Rusty_Blackbird,2
Rusty_Blackbird/Rusty_Blackbird_0016_6684.jpg,Rusty_Blackbird,2
Rusty_Blackbird/Rusty_Blackbird_0056_6856.jpg,Rusty_Blackbird,2
Rusty_Blackbird/Rusty_Blackbird_0074_6585.jpg,Rusty_Blackbird,2
Rusty_Blackbird/Rusty_Blackbird_0086_6658.jpg,Rusty_Blackbird,2
Rusty_Blackbird/Rusty_Blackbird_0052_7035.jpg,Rusty_Blackbird,2
Rusty_Blackbird/Rusty_Blackbird_0048_6632.jpg,Rusty_Blackbird,2
Rusty_Blackbird/Rusty_Blackbird_0087_6727.jpg,Rusty_Blackbird,2
Rusty_Blackbird/Rusty_Blackbird_0055_6923.jpg,Rusty_Blackbird,2
Rusty_Blackbird/Rusty_Blackbird_0033_6879.jpg,Rusty_Blackbird,2
Rusty_Blackbird/Rusty_Blackbird_0122_6736.jpg,Rusty_Blackbird,2
Rusty_Blackbird/Rusty_Blackbird_0081_6967.jpg,Rusty_Blackbird,2
Rusty_Blackbird/Rusty_Blackbird_0091_6695.jpg,Rusty_Blackbird,2
Rusty_Blackbird/Rusty_Blackbird_0032_6611.jpg,Rusty_Blackbird,2
Rusty_Blackbird/Rusty_Blackbird_0096_6846.jpg,Rusty_Blackbird,2
Rusty_Blackbird/Rusty_Blackbird_0101_6880.jpg,Rusty_Blackbird,2
Rusty_Blackbird/Rusty_Blackbird_0102_6590.jpg,Rusty_Blackbird,2
Rusty_Blackbird/Rusty_Blackbird_0113_6664.jpg,Rusty_Blackbird,2
Rusty_Blackbird/Rusty_Blackbird_0022_6808.jpg,Rusty_Blackbird,2
Rusty_Blackbird/Rusty_Blackbird_0104_6685.jpg,Rusty_Blackbird,2
American_Crow/American_Crow_0025_25522.jpg,American_Crow,12
American_Crow/American_Crow_0014_25287.jpg,American_Crow,12
American_Crow/American_Crow_0074_25350.jpg,American_Crow,12
American_Crow/American_Crow_0021_25137.jpg,American_Crow,12
American_Crow/American_Crow_0047_25397.jpg,American_Crow,12
American_Crow/American_Crow_0116_25199.jpg,American_Crow,12
American_Crow/American_Crow_0079_25463.jpg,American_Crow,12
American_Crow/American_Crow_0109_25123.jpg,American_Crow,12
American_Crow/American_Crow_0137_25221.jpg,American_Crow,12
American_Crow/American_Crow_0059_25599.jpg,American_Crow,12
American_Crow/American_Crow_0002_25122.jpg,American_Crow,12
American_Crow/American_Crow_0043_25666.jpg,American_Crow,12
American_Crow/American_Crow_0139_25186.jpg,American_Crow,12
American_Crow/American_Crow_0012_25305.jpg,American_Crow,12
American_Crow/American_Crow_0030_25092.jpg,American_Crow,12
American_Crow/American_Crow_0036_25313.jpg,American_Crow,12
American_Crow/American_Crow_0004_25819.jpg,American_Crow,12
American_Crow/American_Crow_0020_25618.jpg,American_Crow,12
American_Crow/American_Crow_0069_25506.jpg,American_Crow,12
American_Crow/American_Crow_0088_25303.jpg,American_Crow,12
American_Crow/American_Crow_0113_25149.jpg,American_Crow,12
American_Crow/American_Crow_0117_25090.jpg,American_Crow,12
American_Crow/American_Crow_0053_25203.jpg,American_Crow,12
American_Crow/American_Crow_0093_25694.jpg,American_Crow,12
American_Crow/American_Crow_0003_25130.jpg,American_Crow,12
American_Crow/American_Crow_0111_25127.jpg,American_Crow,12
American_Crow/American_Crow_0124_25356.jpg,American_Crow,12
American_Crow/American_Crow_0104_25086.jpg,American_Crow,12
American_Crow/American_Crow_0121_25720.jpg,American_Crow,12
American_Crow/American_Crow_0122_25200.jpg,American_Crow,12
American_Crow/American_Crow_0085_25260.jpg,American_Crow,12
American_Crow/American_Crow_0016_25112.jpg,American_Crow,12
American_Crow/American_Crow_0048_25062.jpg,American_Crow,12
American_Crow/American_Crow_0107_25353.jpg,American_Crow,12
American_Crow/American_Crow_0067_25443.jpg,American_Crow,12
American_Crow/American_Crow_0081_25837.jpg,American_Crow,12
American_Crow/American_Crow_0132_25704.jpg,American_Crow,12
American_Crow/American_Crow_0102_25066.jpg,American_Crow,12
American_Crow/American_Crow_0001_25053.jpg,American_Crow,12
American_Crow/American_Crow_0127_25412.jpg,American_Crow,12
American_Crow/American_Crow_0027_25146.jpg,American_Crow,12
American_Crow/American_Crow_0130_25163.jpg,American_Crow,12
American_Crow/American_Crow_0134_25206.jpg,American_Crow,12
American_Crow/American_Crow_0101_25118.jpg,American_Crow,12
American_Crow/American_Crow_0136_25117.jpg,American_Crow,12
American_Crow/American_Crow_0068_25198.jpg,American_Crow,12
American_Crow/American_Crow_0011_25151.jpg,American_Crow,12
American_Crow/American_Crow_0110_25541.jpg,American_Crow,12
American_Crow/American_Crow_0131_25706.jpg,American_Crow,12
American_Crow/American_Crow_0099_25717.jpg,American_Crow,12
American_Crow/American_Crow_0050_25255.jpg,American_Crow,12
American_Crow/American_Crow_0094_25576.jpg,American_Crow,12
American_Crow/American_Crow_0051_25505.jpg,American_Crow,12
Yellow_billed_Cuckoo/Yellow_Billed_Cuckoo_0026_26794.jpg,Yellow_billed_Cuckoo,15
Yellow_billed_Cuckoo/Yellow_Billed_Cuckoo_0006_26578.jpg,Yellow_billed_Cuckoo,15
Yellow_billed_Cuckoo/Yellow_Billed_Cuckoo_0027_26844.jpg,Yellow_billed_Cuckoo,15
Yellow_billed_Cuckoo/Yellow_Billed_Cuckoo_0036_26682.jpg,Yellow_billed_Cuckoo,15
Yellow_billed_Cuckoo/Yellow_Billed_Cuckoo_0028_26446.jpg,Yellow_billed_Cuckoo,15
Yellow_billed_Cuckoo/Yellow_Billed_Cuckoo_0091_26428.jpg,Yellow_billed_Cuckoo,15
Yellow_billed_Cuckoo/Yellow_Billed_Cuckoo_0002_26715.jpg,Yellow_billed_Cuckoo,15
Yellow_billed_Cuckoo/Yellow_Billed_Cuckoo_0004_26790.jpg,Yellow_billed_Cuckoo,15
Yellow_billed_Cuckoo/Yellow_Billed_Cuckoo_0007_26687.jpg,Yellow_billed_Cuckoo,15
Yellow_billed_Cuckoo/Yellow_Billed_Cuckoo_0043_26492.jpg,Yellow_billed_Cuckoo,15
Yellow_billed_Cuckoo/Yellow_Billed_Cuckoo_0090_26714.jpg,Yellow_billed_Cuckoo,15
Yellow_billed_Cuckoo/Yellow_Billed_Cuckoo_0034_26694.jpg,Yellow_billed_Cuckoo,15
Yellow_billed_Cuckoo/Yellow_Billed_Cuckoo_0042_26479.jpg,Yellow_billed_Cuckoo,15
Yellow_billed_Cuckoo/Yellow_Billed_Cuckoo_0081_26429.jpg,Yellow_billed_Cuckoo,15
Yellow_billed_Cuckoo/Yellow_Billed_Cuckoo_0117_26651.jpg,Yellow_billed_Cuckoo,15
Yellow_billed_Cuckoo/Yellow_Billed_Cuckoo_0049_26766.jpg,Yellow_billed_Cuckoo,15
Yellow_billed_Cuckoo/Yellow_Billed_Cuckoo_0048_26632.jpg,Yellow_billed_Cuckoo,15
Yellow_billed_Cuckoo/Yellow_Billed_Cuckoo_0119_26550.jpg,Yellow_billed_Cuckoo,15
Yellow_billed_Cuckoo/Yellow_Billed_Cuckoo_0074_26466.jpg,Yellow_billed_Cuckoo,15
Yellow_billed_Cuckoo/Yellow_Billed_Cuckoo_0067_26878.jpg,Yellow_billed_Cuckoo,15
Yellow_billed_Cuckoo/Yellow_Billed_Cuckoo_0010_26795.jpg,Yellow_billed_Cuckoo,15
Yellow_billed_Cuckoo/Yellow_Billed_Cuckoo_0078_26888.jpg,Yellow_billed_Cuckoo,15
Yellow_billed_Cuckoo/Yellow_Billed_Cuckoo_0022_26423.jpg,Yellow_billed_Cuckoo,15
Yellow_billed_Cuckoo/Yellow_Billed_Cuckoo_0024_26832.jpg,Yellow_billed_Cuckoo,15
Yellow_billed_Cuckoo/Yellow_Billed_Cuckoo_0084_26761.jpg,Yellow_billed_Cuckoo,15
Yellow_billed_Cuckoo/Yellow_Billed_Cuckoo_0038_26912.jpg,Yellow_billed_Cuckoo,15
Yellow_billed_Cuckoo/Yellow_Billed_Cuckoo_0116_26544.jpg,Yellow_billed_Cuckoo,15
Yellow_billed_Cuckoo/Yellow_Billed_Cuckoo_0093_26432.jpg,Yellow_billed_Cuckoo,15
Yellow_billed_Cuckoo/Yellow_Billed_Cuckoo_0018_26535.jpg,Yellow_billed_Cuckoo,15
Yellow_billed_Cuckoo/Yellow_Billed_Cuckoo_0009_26656.jpg,Yellow_billed_Cuckoo,15
Yellow_billed_Cuckoo/Yellow_Billed_Cuckoo_0097_26713.jpg,Yellow_billed_Cuckoo,15
Yellow_billed_Cuckoo/Yellow_Billed_Cuckoo_0066_26600.jpg,Yellow_billed_Cuckoo,15
Yellow_billed_Cuckoo/Yellow_Billed_Cuckoo_0039_26510.jpg,Yellow_billed_Cuckoo,15
Yellow_billed_Cuckoo/Yellow_Billed_Cuckoo_0094_26643.jpg,Yellow_billed_Cuckoo,15
Yellow_billed_Cuckoo/Yellow_Billed_Cuckoo_0050_26424.jpg,Yellow_billed_Cuckoo,15
Yellow_billed_Cuckoo/Yellow_Billed_Cuckoo_0104_26814.jpg,Yellow_billed_Cuckoo,15
Yellow_billed_Cuckoo/Yellow_Billed_Cuckoo_0069_26597.jpg,Yellow_billed_Cuckoo,15
Yellow_billed_Cuckoo/Yellow_Billed_Cuckoo_0088_26812.jpg,Yellow_billed_Cuckoo,15
Yellow_billed_Cuckoo/Yellow_Billed_Cuckoo_0014_26754.jpg,Yellow_billed_Cuckoo,15
Yellow_billed_Cuckoo/Yellow_Billed_Cuckoo_0077_26431.jpg,Yellow_billed_Cuckoo,15
Yellow_billed_Cuckoo/Yellow_Billed_Cuckoo_0003_26797.jpg,Yellow_billed_Cuckoo,15
Yellow_billed_Cuckoo/Yellow_Billed_Cuckoo_0092_26859.jpg,Yellow_billed_Cuckoo,15
Yellow_billed_Cuckoo/Yellow_Billed_Cuckoo_0019_26803.jpg,Yellow_billed_Cuckoo,15
Yellow_billed_Cuckoo/Yellow_Billed_Cuckoo_0045_26685.jpg,Yellow_billed_Cuckoo,15
Yellow_billed_Cuckoo/Yellow_Billed_Cuckoo_0032_26616.jpg,Yellow_billed_Cuckoo,15
Yellow_billed_Cuckoo/Yellow_Billed_Cuckoo_0053_26738.jpg,Yellow_billed_Cuckoo,15
Yellow_billed_Cuckoo/Yellow_Billed_Cuckoo_0098_26501.jpg,Yellow_billed_Cuckoo,15
Yellow_billed_Cuckoo/Yellow_Billed_Cuckoo_0023_26637.jpg,Yellow_billed_Cuckoo,15
Yellow_billed_Cuckoo/Yellow_Billed_Cuckoo_0059_26828.jpg,Yellow_billed_Cuckoo,15
Yellow_billed_Cuckoo/Yellow_Billed_Cuckoo_0005_26684.jpg,Yellow_billed_Cuckoo,15
Yellow_billed_Cuckoo/Yellow_Billed_Cuckoo_0121_26807.jpg,Yellow_billed_Cuckoo,15
Yellow_billed_Cuckoo/Yellow_Billed_Cuckoo_0012_26712.jpg,Yellow_billed_Cuckoo,15
Yellow_billed_Cuckoo/Yellow_Billed_Cuckoo_0060_26686.jpg,Yellow_billed_Cuckoo,15
Yellow_billed_Cuckoo/Yellow_Billed_Cuckoo_0073_26744.jpg,Yellow_billed_Cuckoo,15
Yellow_billed_Cuckoo/Yellow_Billed_Cuckoo_0029_26865.jpg,Yellow_billed_Cuckoo,15
Red_winged_Blackbird/Red_Winged_Blackbird_0064_4936.jpg,Red_winged_Blackbird,1
Red_winged_Blackbird/Red_Winged_Blackbird_0044_5621.jpg,Red_winged_Blackbird,1
Red_winged_Blackbird/Red_Winged_Blackbird_0032_4004.jpg,Red_winged_Blackbird,1
Red_winged_Blackbird/Red_Winged_Blackbird_0022_4483.jpg,Red_winged_Blackbird,1
Red_winged_Blackbird/Red_Winged_Blackbird_0009_5841.jpg,Red_winged_Blackbird,1
Red_winged_Blackbird/Red_Winged_Blackbird_0025_5342.jpg,Red_winged_Blackbird,1
Red_winged_Blackbird/Red_Winged_Blackbird_0007_3706.jpg,Red_winged_Blackbird,1
Red_winged_Blackbird/Red_Winged_Blackbird_0010_6386.jpg,Red_winged_Blackbird,1
Red_winged_Blackbird/Red_Winged_Blackbird_0061_4196.jpg,Red_winged_Blackbird,1
Red_winged_Blackbird/Red_Winged_Blackbird_0040_4522.jpg,Red_winged_Blackbird,1
Red_winged_Blackbird/Red_Winged_Blackbird_0046_4242.jpg,Red_winged_Blackbird,1
Red_winged_Blackbird/Red_Winged_Blackbird_0081_6081.jpg,Red_winged_Blackbird,1
Red_winged_Blackbird/Red_Winged_Blackbird_0078_5372.jpg,Red_winged_Blackbird,1
Red_winged_Blackbird/Red_Winged_Blackbird_0091_4096.jpg,Red_winged_Blackbird,1
Red_winged_Blackbird/Red_Winged_Blackbird_0085_5846.jpg,Red_winged_Blackbird,1
Red_winged_Blackbird/Red_Winged_Blackbird_0099_3985.jpg,Red_winged_Blackbird,1
Red_winged_Blackbird/Red_Winged_Blackbird_0096_5019.jpg,Red_winged_Blackbird,1
Red_winged_Blackbird/Red_Winged_Blackbird_0017_4116.jpg,Red_winged_Blackbird,1
Red_winged_Blackbird/Red_Winged_Blackbird_0039_4285.jpg,Red_winged_Blackbird,1
Red_winged_Blackbird/Red_Winged_Blackbird_0006_6005.jpg,Red_winged_Blackbird,1
Red_winged_Blackbird/Red_Winged_Blackbird_0012_6015.jpg,Red_winged_Blackbird,1
Red_winged_Blackbird/Red_Winged_Blackbird_0027_4123.jpg,Red_winged_Blackbird,1
Red_winged_Blackbird/Red_Winged_Blackbird_0079_4527.jpg,Red_winged_Blackbird,1
Red_winged_Blackbird/Red_Winged_Blackbird_0028_4709.jpg,Red_winged_Blackbird,1
Red_winged_Blackbird/Red_Winged_Blackbird_0014_3761.jpg,Red_winged_Blackbird,1
Red_winged_Blackbird/Red_Winged_Blackbird_0066_5070.jpg,Red_winged_Blackbird,1
Red_winged_Blackbird/Red_Winged_Blackbird_0020_4050.jpg,Red_winged_Blackbird,1
Red_winged_Blackbird/Red_Winged_Blackbird_0062_4233.jpg,Red_winged_Blackbird,1
Red_winged_Blackbird/Red_Winged_Blackbird_0047_3802.jpg,Red_winged_Blackbird,1
Red_winged_Blackbird/Red_Winged_Blackbird_0071_3988.jpg,Red_winged_Blackbird,1
Red_winged_Blackbird/Red_Winged_Blackbird_0101_6244.jpg,Red_winged_Blackbird,1
Red_winged_Blackbird/Red_Winged_Blackbird_0052_5575.jpg,Red_winged_Blackbird,1
Red_winged_Blackbird/Red_Winged_Blackbird_0104_3918.jpg,Red_winged_Blackbird,1
Red_winged_Blackbird/Red_Winged_Blackbird_0029_4804.jpg,Red_winged_Blackbird,1
Red_winged_Blackbird/Red_Winged_Blackbird_0093_5948.jpg,Red_winged_Blackbird,1
Red_winged_Blackbird/Red_Winged_Blackbird_0013_5762.jpg,Red_winged_Blackbird,1
Red_winged_Blackbird/Red_Winged_Blackbird_0001_3695.jpg,Red_winged_Blackbird,1
Red_winged_Blackbird/Red_Winged_Blackbird_0074_4146.jpg,Red_winged_Blackbird,1
Red_winged_Blackbird/Red_Winged_Blackbird_0055_4345.jpg,Red_winged_Blackbird,1
Red_winged_Blackbird/Red_Winged_Blackbird_0109_4454.jpg,Red_winged_Blackbird,1
Red_winged_Blackbird/Red_Winged_Blackbird_0089_4188.jpg,Red_winged_Blackbird,1
Red_winged_Blackbird/Red_Winged_Blackbird_0045_4526.jpg,Red_winged_Blackbird,1
Red_winged_Blackbird/Red_Winged_Blackbird_0023_5257.jpg,Red_winged_Blackbird,1
Red_winged_Blackbird/Red_Winged_Blackbird_0042_3635.jpg,Red_winged_Blackbird,1
Red_winged_Blackbird/Red_Winged_Blackbird_0058_4141.jpg,Red_winged_Blackbird,1
Red_winged_Blackbird/Red_Winged_Blackbird_0075_4953.jpg,Red_winged_Blackbird,1
Red_winged_Blackbird/Red_Winged_Blackbird_0072_4338.jpg,Red_winged_Blackbird,1
Red_winged_Blackbird/Red_Winged_Blackbird_0011_5845.jpg,Red_winged_Blackbird,1
Red_winged_Blackbird/Red_Winged_Blackbird_0024_4180.jpg,Red_winged_Blackbird,1
Red_winged_Blackbird/Red_Winged_Blackbird_0049_5598.jpg,Red_winged_Blackbird,1
Red_winged_Blackbird/Red_Winged_Blackbird_0053_4072.jpg,Red_winged_Blackbird,1
Red_winged_Blackbird/Red_Winged_Blackbird_0065_4026.jpg,Red_winged_Blackbird,1
Red_winged_Blackbird/Red_Winged_Blackbird_0060_4688.jpg,Red_winged_Blackbird,1
Gray_Catbird/Gray_Catbird_0091_20416.jpg,Gray_Catbird,3
Gray_Catbird/Gray_Catbird_0127_20034.jpg,Gray_Catbird,3
Gray_Catbird/Gray_Catbird_0080_20139.jpg,Gray_Catbird,3
Gray_Catbird/Gray_Catbird_0015_21230.jpg,Gray_Catbird,3
Gray_Catbird/Gray_Catbird_0101_21178.jpg,Gray_Catbird,3
Gray_Catbird/Gray_Catbird_0117_21333.jpg,Gray_Catbird,3
Gray_Catbird/Gray_Catbird_0050_20763.jpg,Gray_Catbird,3
Gray_Catbird/Gray_Catbird_0105_20864.jpg,Gray_Catbird,3
Gray_Catbird/Gray_Catbird_0057_20979.jpg,Gray_Catbird,3
Gray_Catbird/Gray_Catbird_0002_21395.jpg,Gray_Catbird,3
Gray_Catbird/Gray_Catbird_0023_20668.jpg,Gray_Catbird,3
Gray_Catbird/Gray_Catbird_0094_21303.jpg,Gray_Catbird,3
Gray_Catbird/Gray_Catbird_0006_20867.jpg,Gray_Catbird,3
Gray_Catbird/Gray_Catbird_0069_21065.jpg,Gray_Catbird,3
Gray_Catbird/Gray_Catbird_0013_20562.jpg,Gray_Catbird,3
Gray_Catbird/Gray_Catbird_0100_20674.jpg,Gray_Catbird,3
Gray_Catbird/Gray_Catbird_0139_21281.jpg,Gray_Catbird,3
Gray_Catbird/Gray_Catbird_0008_20430.jpg,Gray_Catbird,3
Gray_Catbird/Gray_Catbird_0028_20598.jpg,Gray_Catbird,3
Gray_Catbird/Gray_Catbird_0134_20596.jpg,Gray_Catbird,3
Gray_Catbird/Gray_Catbird_0019_20567.jpg,Gray_Catbird,3
Gray_Catbird/Gray_Catbird_0129_20987.jpg,Gray_Catbird,3
Gray_Catbird/Gray_Catbird_0007_20186.jpg,Gray_Catbird,3
Gray_Catbird/Gray_Catbird_0027_20968.jpg,Gray_Catbird,3
Gray_Catbird/Gray_Catbird_0074_19601.jpg,Gray_Catbird,3
Gray_Catbird/Gray_Catbird_0001_20695.jpg,Gray_Catbird,3
Gray_Catbird/Gray_Catbird_0032_21551.jpg,Gray_Catbird,3
Gray_Catbird/Gray_Catbird_0055_20671.jpg,Gray_Catbird,3
Gray_Catbird/Gray_Catbird_0118_20476.jpg,Gray_Catbird,3
Gray_Catbird/Gray_Catbird_0141_21174.jpg,Gray_Catbird,3
Gray_Catbird/Gray_Catbird_0131_19633.jpg,Gray_Catbird,3
Gray_Catbird/Gray_Catbird_0107_20513.jpg,Gray_Catbird,3
Gray_Catbird/Gray_Catbird_0024_20739.jpg,Gray_Catbird,3
Gray_Catbird/Gray_Catbird_0063_20707.jpg,Gray_Catbird,3
Gray_Catbird/Gray_Catbird_0022_19585.jpg,Gray_Catbird,3
Gray_Catbird/Gray_Catbird_0049_21311.jpg,Gray_Catbird,3
Gray_Catbird/Gray_Catbird_0048_20558.jpg,Gray_Catbird,3
Gray_Catbird/Gray_Catbird_0039_21040.jpg,Gray_Catbird,3
Gray_Catbird/Gray_Catbird_0103_20930.jpg,Gray_Catbird,3
Gray_Catbird/Gray_Catbird_0126_19446.jpg,Gray_Catbird,3
Gray_Catbird/Gray_Catbird_0113_21270.jpg,Gray_Catbird,3
Gray_Catbird/Gray_Catbird_0111_19550.jpg,Gray_Catbird,3
Gray_Catbird/Gray_Catbird_0130_20328.jpg,Gray_Catbird,3
Gray_Catbird/Gray_Catbird_0060_20656.jpg,Gray_Catbird,3
Gray_Catbird/Gray_Catbird_0045_20950.jpg,Gray_Catbird,3
Gray_Catbird/Gray_Catbird_0067_21043.jpg,Gray_Catbird,3
Gray_Catbird/Gray_Catbird_0043_21008.jpg,Gray_Catbird,3
Gray_Catbird/Gray_Catbird_0031_21635.jpg,Gray_Catbird,3
Gray_Catbird/Gray_Catbird_0125_19833.jpg,Gray_Catbird,3
Gray_Catbird/Gray_Catbird_0104_20716.jpg,Gray_Catbird,3
Gray_Catbird/Gray_Catbird_0102_20644.jpg,Gray_Catbird,3
Gray_Catbird/Gray_Catbird_0138_20945.jpg,Gray_Catbird,3
Gray_Catbird/Gray_Catbird_0053_20694.jpg,Gray_Catbird,3
Gray_Catbird/Gray_Catbird_0075_21125.jpg,Gray_Catbird,3
